Workbook
Name NativeTimeline_Date: #N/A
Name Slicer_Card_Network: #N/A
Name Slicer_Category: #N/A
Name Slicer_Channel: #N/A
Name Slicer_City: #N/A
Name Slicer_Risk_Level: #N/A

Sheet Sheet1

Sheet Pivot table
A3: Row Labels | B3: Sum of Amount (ZAR)
A4: High | B4: 0.054836871
A5: Low | B5: 0.7437741
A6: Medium | B6: 0.20138903
A7: Grand Total | B7: 1
A20: Row Labels | B20: Sum of Amount (ZAR)
A21: Mr Price | B21: 32706.74
A22: AliExpress | B22: 50150.24
A23: Amazon | B23: 51045.84
A24: South African Airways | B24: 56473.39
A25: Avis | B25: 61370.99
A26: Takealot | B26: 63237.41
A27: Superbalist | B27: 71098.03
A28: Game | B28: 106375.51
A29: Incredible Connection | B29: 161299.1
A30: Makro | B30: 165442.85
A31: Grand Total | B31: 819200.1
A43: Row Labels | B43: Average of Risk_Score
A44: Nedbank | B44: 1.109589
A45: Capitec | B45: 0.96226415
A46: Standard Bank | B46: 0.9527027
A47: ABSA | B47: 0.92405063
A48: FNB | B48: 0.87581699
A49: Grand Total | B49: 0.96747967
A63: Row Labels | B63: Average of Risk_Score | C63: Count of Txn ID | E63: Row Labels | F63: Average of Risk_Score | G63: Count of Txn ID
A64: ATM Withdrawal | B64: 0.7962963 | C64: 54 | E64: ATM Withdrawal | F64: 0.7962963 | G64: 54
A65: Clothing | B65: 1.0588235 | C65: 51 | E65: Clothing | F65: 1.0588235 | G65: 51
A66: Electronics | B66: 1.1489362 | C66: 47 | E66: Electronics | F66: 1.1489362 | G66: 47
A67: Fuel | B67: 0.8625 | C67: 80 | E67: Fuel | F67: 0.8625 | G67: 80
A68: Gambling | B68: 0.84 | C68: 25 | E68: Gambling | F68: 0.84 | G68: 25
A69: Grocery | B69: 1 | C69: 107 | E69: Grocery | F69: 1 | G69: 107
A70: Online Retail | B70: 1 | C70: 96 | E70: Online Retail | F70: 1 | G70: 96
A71: Pharmacy | B71: 0.83333333 | C71: 36 | E71: Pharmacy | F71: 0.83333333 | G71: 36
A72: Restaurant | B72: 0.97368421 | C72: 114 | E72: Restaurant | F72: 0.97368421 | G72: 114
A73: Subscription Services | B73: 0.94339623 | C73: 53 | E73: Subscription Services | F73: 0.94339623 | G73: 53
A74: Travel | B74: 1 | C74: 30 | E74: Travel | F74: 1 | G74: 30
A75: Utilities | B75: 1.0888889 | C75: 45 | E75: Utilities | F75: 1.0888889 | G75: 45
A83: Row Labels | B83: Sum of Risk_Score
A84: Card Not Present (Phone) | B84: 266
A85: Card Present | B85: 85
A86: Contactless | B86: 82
A87: Online | B87: 281
A88: Grand Total | B88: 714
A108: Row Labels
A109: 2025
A110: 2026
A111: 2027
A112: 2028
A113: Grand Total
A121: Row Labels | B121: Count of Risk_Level
A122: Approved | B122: 586
A123: High | B123: 20
A124: Low | B124: 452
A125: Medium | B125: 114
A126: Grand Total | B126: 586
A136: Row Labels | B136: Count of Risk_Level
A137: Declined | B137: 152
A138: High | B138: 3
A139: Low | B139: 118
A140: Medium | B140: 31
A141: Grand Total | B141: 152
A161: Count of Risk_Level | B161: Column Labels
A162: Row Labels | B162: High | C162: Low | D162: Medium | E162: Grand Total
A163: 2025 | B163: 0.030952381 | C163: 0.76190476 | D163: 0.20714286 | E163: 1
A164: 2026 | B164: 0.03358209 | C164: 0.80597015 | D164: 0.16044776 | E164: 1
A165: 2027 | B165: 0.025 | C165: 0.725 | D165: 0.25 | E165: 1
A166: Grand Total | B166: 0.031593407 | C166: 0.7760989 | D166: 0.19230769 | E166: 1

Sheet Dashboard

Sheet Transactions_Cleaned
A1: Txn ID | B1: Card_ID | C1: Date | D1: Time | E1: Merchant | F1: Category | G1: City | H1: Amount (ZAR) | I1: Channel | J1: Status | K1: Notes | L1: Cardholder_name | M1: Credit_Limit | N1: Bank | O1: Card_Network | P1: Percentage-Limit_Utilized | Q1: City_Check | R1: Hour_Check | S1: Velocity_Check | T1: Limit_Check | U1: Category_Check | V1: Channel_Check | W1: Risk_Score | X1: Risk_Level
A2: TXN500001 | B2: CC-10000 | C2: 46068 | D2: 18:47 | E2: Amazon | F2: Online Retail | G2: Gqeberha | H2: 2404.01 | I2: Card Present | J2: Approved | L2: =PROPER(TRIM(SUBSTITUTE(_xlfn.XLOOKUP(B2,Cardholders_Reference!A:A,Cardholders_Reference!B:B),","," "))) -> Carlos Maseko | M2: =_xlfn.XLOOKUP(B2,Cardholders_Reference!A:A,Cardholders_Reference!G:G) -> 25000 | N2: =_xlfn.XLOOKUP(B2,Cardholders_Reference!A:A,Cardholders_Reference!D:D) -> Capitec | O2: =_xlfn.XLOOKUP(B2,Cardholders_Reference!A:A,Cardholders_Reference!E:E) -> Mastercard | P2: =H2/M2 -> 0.0961604 | Q2: =IF(COUNTIFS($B$1:$B$738,B1,$G$1:$G$738,G1)/COUNTIF($B$1:$B$738,B1)<0.5,1,0) -> 0 | R2: =IF(D2="Unknown",1,IF(OR(TIMEVALUE(D2)<TIME(5,0,0),TIMEVALUE(D2)>=TIME(23,0,0)),1,0)) -> 0 | S2: =IF(COUNTIFS($B$1:$B$738,B1,$C$1:$C$738,#REF!)>2,1,0) -> 0 | T2: =IF(P1>0.4,1,0) -> 1 | U2: =IF(OR(F1="Gambling",F1="ATM Withdrawal"),1,0) -> 0 | V2: =IF(OR(I2="Card Not Present (Phone)",I2="Online"),1,0) -> 0 | W2: =SUM(Q2:V2) -> 1 | X2: {=_xlfn.IFS(W2<=1,"Low",W2=2,"Medium",W2>=3,"High")} -> Low
A3: TXN500002 | B3: CC-10000 | C3: 46041 | D3: 13:32 | E3: ABSA ATM | F3: ATM Withdrawal | G3: Gqeberha | H3: 982.64 | I3: Card Present | J3: Approved | L3: =PROPER(TRIM(SUBSTITUTE(_xlfn.XLOOKUP(B3,Cardholders_Reference!A:A,Cardholders_Reference!B:B),","," "))) -> Carlos Maseko | M3: =_xlfn.XLOOKUP(B3,Cardholders_Reference!A:A,Cardholders_Reference!G:G) -> 25000 | N3: =_xlfn.XLOOKUP(B3,Cardholders_Reference!A:A,Cardholders_Reference!D:D) -> Capitec | O3: =_xlfn.XLOOKUP(B3,Cardholders_Reference!A:A,Cardholders_Reference!E:E) -> Mastercard | P3: =H3/M3 -> 0.0393056 | Q3: =IF(COUNTIFS($B$1:$B$738,B2,$G$1:$G$738,G2)/COUNTIF($B$1:$B$738,B2)<0.5,1,0) -> 0 | R3: =IF(D3="Unknown",1,IF(OR(TIMEVALUE(D3)<TIME(5,0,0),TIMEVALUE(D3)>=TIME(23,0,0)),1,0)) -> 0 | S3: =IF(COUNTIFS($B$1:$B$738,B2,$C$1:$C$738,#REF!)>2,1,0) -> 0 | T3: =IF(P2>0.4,1,0) -> 0 | U3: =IF(OR(F2="Gambling",F2="ATM Withdrawal"),1,0) -> 0 | V3: =IF(OR(I3="Card Not Present (Phone)",I3="Online"),1,0) -> 0 | W3: =SUM(Q3:V3) -> 0 | X3: {=_xlfn.IFS(W3<=1,"Low",W3=2,"Medium",W3>=3,"High")} -> Low
A4: TXN500003 | B4: CC-10000 | C4: 46016 | D4: Unknown | E4: Shell | F4: Fuel | G4: Gqeberha | H4: 1017.6 | I4: Card Not Present (Phone) | J4: Approved | L4: =PROPER(TRIM(SUBSTITUTE(_xlfn.XLOOKUP(B4,Cardholders_Reference!A:A,Cardholders_Reference!B:B),","," "))) -> Carlos Maseko | M4: =_xlfn.XLOOKUP(B4,Cardholders_Reference!A:A,Cardholders_Reference!G:G) -> 25000 | N4: =_xlfn.XLOOKUP(B4,Cardholders_Reference!A:A,Cardholders_Reference!D:D) -> Capitec | O4: =_xlfn.XLOOKUP(B4,Cardholders_Reference!A:A,Cardholders_Reference!E:E) -> Mastercard | P4: =H4/M4 -> 0.040704 | Q4: =IF(COUNTIFS($B$1:$B$738,B3,$G$1:$G$738,G3)/COUNTIF($B$1:$B$738,B3)<0.5,1,0) -> 0 | R4: =IF(D4="Unknown",1,IF(OR(TIMEVALUE(D4)<TIME(5,0,0),TIMEVALUE(D4)>=TIME(23,0,0)),1,0)) -> 1 | S4: =IF(COUNTIFS($B$1:$B$738,B3,$C$1:$C$738,#REF!)>2,1,0) -> 0 | T4: =IF(P3>0.4,1,0) -> 0 | U4: =IF(OR(F3="Gambling",F3="ATM Withdrawal"),1,0) -> 1 | V4: =IF(OR(I4="Card Not Present (Phone)",I4="Online"),1,0) -> 1 | W4: =SUM(Q4:V4) -> 3 | X4: {=_xlfn.IFS(W4<=1,"Low",W4=2,"Medium",W4>=3,"High")} -> High
A5: TXN500004 | B5: CC-10000 | C5: 45696 | D5: 15:42 | E5: Amazon | F5: Online Retail | G5: Gqeberha | H5: 982.43 | I5: Card Present | J5: Approved | L5: =PROPER(TRIM(SUBSTITUTE(_xlfn.XLOOKUP(B5,Cardholders_Reference!A:A,Cardholders_Reference!B:B),","," "))) -> Carlos Maseko | M5: =_xlfn.XLOOKUP(B5,Cardholders_Reference!A:A,Cardholders_Reference!G:G) -> 25000 | N5: =_xlfn.XLOOKUP(B5,Cardholders_Reference!A:A,Cardholders_Reference!D:D) -> Capitec | O5: =_xlfn.XLOOKUP(B5,Cardholders_Reference!A:A,Cardholders_Reference!E:E) -> Mastercard | P5: =H5/M5 -> 0.0392972 | Q5: =IF(COUNTIFS($B$1:$B$738,B4,$G$1:$G$738,G4)/COUNTIF($B$1:$B$738,B4)<0.5,1,0) -> 0 | R5: =IF(D5="Unknown",1,IF(OR(TIMEVALUE(D5)<TIME(5,0,0),TIMEVALUE(D5)>=TIME(23,0,0)),1,0)) -> 0 | S5: =IF(COUNTIFS($B$1:$B$738,B4,$C$1:$C$738,#REF!)>2,1,0) -> 0 | T5: =IF(P4>0.4,1,0) -> 0 | U5: =IF(OR(F4="Gambling",F4="ATM Withdrawal"),1,0) -> 0 | V5: =IF(OR(I5="Card Not Present (Phone)",I5="Online"),1,0) -> 0 | W5: =SUM(Q5:V5) -> 0 | X5: {=_xlfn.IFS(W5<=1,"Low",W5=2,"Medium",W5>=3,"High")} -> Low
A6: TXN500005 | B6: CC-10000 | C6: 45661 | D6: 10:47 | E6: BP | F6: Fuel | G6: Gqeberha | H6: 985.17 | I6: Contactless | J6: Approved | L6: =PROPER(TRIM(SUBSTITUTE(_xlfn.XLOOKUP(B6,Cardholders_Reference!A:A,Cardholders_Reference!B:B),","," "))) -> Carlos Maseko | M6: =_xlfn.XLOOKUP(B6,Cardholders_Reference!A:A,Cardholders_Reference!G:G) -> 25000 | N6: =_xlfn.XLOOKUP(B6,Cardholders_Reference!A:A,Cardholders_Reference!D:D) -> Capitec | O6: =_xlfn.XLOOKUP(B6,Cardholders_Reference!A:A,Cardholders_Reference!E:E) -> Mastercard | P6: =H6/M6 -> 0.0394068 | Q6: =IF(COUNTIFS($B$1:$B$738,B5,$G$1:$G$738,G5)/COUNTIF($B$1:$B$738,B5)<0.5,1,0) -> 0 | R6: =IF(D6="Unknown",1,IF(OR(TIMEVALUE(D6)<TIME(5,0,0),TIMEVALUE(D6)>=TIME(23,0,0)),1,0)) -> 0 | S6: =IF(COUNTIFS($B$1:$B$738,B5,$C$1:$C$738,#REF!)>2,1,0) -> 0 | T6: =IF(P5>0.4,1,0) -> 0 | U6: =IF(OR(F5="Gambling",F5="ATM Withdrawal"),1,0) -> 0 | V6: =IF(OR(I6="Card Not Present (Phone)",I6="Online"),1,0) -> 0 | W6: =SUM(Q6:V6) -> 0 | X6: {=_xlfn.IFS(W6<=1,"Low",W6=2,"Medium",W6>=3,"High")} -> Low
A7: TXN500006 | B7: CC-10000 | C7: 46513 | D7: 20:33 | E7: Mugg & Bean | F7: Restaurant | G7: Gqeberha | H7: 123.43 | I7: Card Present | J7: Approved | L7: =PROPER(TRIM(SUBSTITUTE(_xlfn.XLOOKUP(B7,Cardholders_Reference!A:A,Cardholders_Reference!B:B),","," "))) -> Carlos Maseko | M7: =_xlfn.XLOOKUP(B7,Cardholders_Reference!A:A,Cardholders_Reference!G:G) -> 25000 | N7: =_xlfn.XLOOKUP(B7,Cardholders_Reference!A:A,Cardholders_Reference!D:D) -> Capitec | O7: =_xlfn.XLOOKUP(B7,Cardholders_Reference!A:A,Cardholders_Reference!E:E) -> Mastercard | P7: =H7/M7 -> 0.0049372 | Q7: =IF(COUNTIFS($B$1:$B$738,B6,$G$1:$G$738,G6)/COUNTIF($B$1:$B$738,B6)<0.5,1,0) -> 0 | R7: =IF(D7="Unknown",1,IF(OR(TIMEVALUE(D7)<TIME(5,0,0),TIMEVALUE(D7)>=TIME(23,0,0)),1,0)) -> 0 | S7: =IF(COUNTIFS($B$1:$B$738,B6,$C$1:$C$738,#REF!)>2,1,0) -> 0 | T7: =IF(P6>0.4,1,0) -> 0 | U7: =IF(OR(F6="Gambling",F6="ATM Withdrawal"),1,0) -> 0 | V7: =IF(OR(I7="Card Not Present (Phone)",I7="Online"),1,0) -> 0 | W7: =SUM(Q7:V7) -> 0 | X7: {=_xlfn.IFS(W7<=1,"Low",W7=2,"Medium",W7>=3,"High")} -> Low
A8: TXN500007 | B8: CC-10000 | C8: 46193 | D8: 08:27 | E8: Spotify | F8: Subscription Services | G8: Gqeberha | H8: 314.22 | I8: Card Not Present (Phone) | J8: Declined | L8: =PROPER(TRIM(SUBSTITUTE(_xlfn.XLOOKUP(B8,Cardholders_Reference!A:A,Cardholders_Reference!B:B),","," "))) -> Carlos Maseko | M8: =_xlfn.XLOOKUP(B8,Cardholders_Reference!A:A,Cardholders_Reference!G:G) -> 25000 | N8: =_xlfn.XLOOKUP(B8,Cardholders_Reference!A:A,Cardholders_Reference!D:D) -> Capitec | O8: =_xlfn.XLOOKUP(B8,Cardholders_Reference!A:A,Cardholders_Reference!E:E) -> Mastercard | P8: =H8/M8 -> 0.0125688 | Q8: =IF(COUNTIFS($B$1:$B$738,B7,$G$1:$G$738,G7)/COUNTIF($B$1:$B$738,B7)<0.5,1,0) -> 0 | R8: =IF(D8="Unknown",1,IF(OR(TIMEVALUE(D8)<TIME(5,0,0),TIMEVALUE(D8)>=TIME(23,0,0)),1,0)) -> 0 | S8: =IF(COUNTIFS($B$1:$B$738,B7,$C$1:$C$738,#REF!)>2,1,0) -> 0 | T8: =IF(P7>0.4,1,0) -> 0 | U8: =IF(OR(F7="Gambling",F7="ATM Withdrawal"),1,0) -> 0 | V8: =IF(OR(I8="Card Not Present (Phone)",I8="Online"),1,0) -> 1 | W8: =SUM(Q8:V8) -> 1 | X8: {=_xlfn.IFS(W8<=1,"Low",W8=2,"Medium",W8>=3,"High")} -> Low
A9: TXN500008 | B9: CC-10000 | C9: 45931 | D9: 07:49 | E9: Engen | F9: Fuel | G9: Gqeberha | H9: 979.18 | I9: Contactless | J9: Approved | L9: =PROPER(TRIM(SUBSTITUTE(_xlfn.XLOOKUP(B9,Cardholders_Reference!A:A,Cardholders_Reference!B:B),","," "))) -> Carlos Maseko | M9: =_xlfn.XLOOKUP(B9,Cardholders_Reference!A:A,Cardholders_Reference!G:G) -> 25000 | N9: =_xlfn.XLOOKUP(B9,Cardholders_Reference!A:A,Cardholders_Reference!D:D) -> Capitec | O9: =_xlfn.XLOOKUP(B9,Cardholders_Reference!A:A,Cardholders_Reference!E:E) -> Mastercard | P9: =H9/M9 -> 0.0391672 | Q9: =IF(COUNTIFS($B$1:$B$738,B8,$G$1:$G$738,G8)/COUNTIF($B$1:$B$738,B8)<0.5,1,0) -> 0 | R9: =IF(D9="Unknown",1,IF(OR(TIMEVALUE(D9)<TIME(5,0,0),TIMEVALUE(D9)>=TIME(23,0,0)),1,0)) -> 0 | S9: =IF(COUNTIFS($B$1:$B$738,B8,$C$1:$C$738,#REF!)>2,1,0) -> 0 | T9: =IF(P8>0.4,1,0) -> 0 | U9: =IF(OR(F8="Gambling",F8="ATM Withdrawal"),1,0) -> 0 | V9: =IF(OR(I9="Card Not Present (Phone)",I9="Online"),1,0) -> 0 | W9: =SUM(Q9:V9) -> 0 | X9: {=_xlfn.IFS(W9<=1,"Low",W9=2,"Medium",W9>=3,"High")} -> Low
A10: TXN500009 | B10: CC-10000 | C10: 45727 | D10: 14:27 | E10: MTN | F10: Utilities | G10: Cape Town | H10: 1222.89 | I10: Contactless | J10: Approved | L10: =PROPER(TRIM(SUBSTITUTE(_xlfn.XLOOKUP(B10,Cardholders_Reference!A:A,Cardholders_Reference!B:B),","," "))) -> Carlos Maseko | M10: =_xlfn.XLOOKUP(B10,Cardholders_Reference!A:A,Cardholders_Reference!G:G) -> 25000 | N10: =_xlfn.XLOOKUP(B10,Cardholders_Reference!A:A,Cardholders_Reference!D:D) -> Capitec | O10: =_xlfn.XLOOKUP(B10,Cardholders_Reference!A:A,Cardholders_Reference!E:E) -> Mastercard | P10: =H10/M10 -> 0.0489156 | Q10: =IF(COUNTIFS($B$1:$B$738,B9,$G$1:$G$738,G9)/COUNTIF($B$1:$B$738,B9)<0.5,1,0) -> 0 | R10: =IF(D10="Unknown",1,IF(OR(TIMEVALUE(D10)<TIME(5,0,0),TIMEVALUE(D10)>=TIME(23,0,0)),1,0)) -> 0 | S10: =IF(COUNTIFS($B$1:$B$738,B9,$C$1:$C$738,#REF!)>2,1,0) -> 0 | T10: =IF(P9>0.4,1,0) -> 0 | U10: =IF(OR(F9="Gambling",F9="ATM Withdrawal"),1,0) -> 0 | V10: =IF(OR(I10="Card Not Present (Phone)",I10="Online"),1,0) -> 0 | W10: =SUM(Q10:V10) -> 0 | X10: {=_xlfn.IFS(W10<=1,"Low",W10=2,"Medium",W10>=3,"High")} -> Low
A11: TXN500010 | B11: CC-10000 | C11: 46085 | D11: 13:55 | E11: Spar | F11: Grocery | G11: Gqeberha | H11: 880.73 | I11: Contactless | J11: Approved | L11: =PROPER(TRIM(SUBSTITUTE(_xlfn.XLOOKUP(B11,Cardholders_Reference!A:A,Cardholders_Reference!B:B),","," "))) -> Carlos Maseko | M11: =_xlfn.XLOOKUP(B11,Cardholders_Reference!A:A,Cardholders_Reference!G:G) -> 25000 | N11: =_xlfn.XLOOKUP(B11,Cardholders_Reference!A:A,Cardholders_Reference!D:D) -> Capitec | O11: =_xlfn.XLOOKUP(B11,Cardholders_Reference!A:A,Cardholders_Reference!E:E) -> Mastercard | P11: =H11/M11 -> 0.0352292 | Q11: =IF(COUNTIFS($B$1:$B$738,B10,$G$1:$G$738,G10)/COUNTIF($B$1:$B$738,B10)<0.5,1,0) -> 1 | R11: =IF(D11="Unknown",1,IF(OR(TIMEVALUE(D11)<TIME(5,0,0),TIMEVALUE(D11)>=TIME(23,0,0)),1,0)) -> 0 | S11: =IF(COUNTIFS($B$1:$B$738,B10,$C$1:$C$738,#REF!)>2,1,0) -> 0 | T11: =IF(P10>0.4,1,0) -> 0 | U11: =IF(OR(F10="Gambling",F10="ATM Withdrawal"),1,0) -> 0 | V11: =IF(OR(I11="Card Not Present (Phone)",I11="Online"),1,0) -> 0 | W11: =SUM(Q11:V11) -> 1 | X11: {=_xlfn.IFS(W11<=1,"Low",W11=2,"Medium",W11>=3,"High")} -> Low
A12: TXN500011 | B12: CC-10001 | C12: 45935 | D12: 11:15 | E12: Mr Delivery | F12: Restaurant | G12: Gqeberha | H12: 562.54 | I12: Card Not Present (Phone) | J12: Approved | L12: =PROPER(TRIM(SUBSTITUTE(_xlfn.XLOOKUP(B12,Cardholders_Reference!A:A,Cardholders_Reference!B:B),","," "))) -> Fatima Adams | M12: =_xlfn.XLOOKUP(B12,Cardholders_Reference!A:A,Cardholders_Reference!G:G) -> 20000 | N12: =_xlfn.XLOOKUP(B12,Cardholders_Reference!A:A,Cardholders_Reference!D:D) -> Standard Bank | O12: =_xlfn.XLOOKUP(B12,Cardholders_Reference!A:A,Cardholders_Reference!E:E) -> Visa | P12: =H12/M12 -> 0.028127 | Q12: =IF(COUNTIFS($B$1:$B$738,B11,$G$1:$G$738,G11)/COUNTIF($B$1:$B$738,B11)<0.5,1,0) -> 0 | R12: =IF(D12="Unknown",1,IF(OR(TIMEVALUE(D12)<TIME(5,0,0),TIMEVALUE(D12)>=TIME(23,0,0)),1,0)) -> 0 | S12: =IF(COUNTIFS($B$1:$B$738,B11,$C$1:$C$738,#REF!)>2,1,0) -> 0 | T12: =IF(P11>0.4,1,0) -> 0 | U12: =IF(OR(F11="Gambling",F11="ATM Withdrawal"),1,0) -> 0 | V12: =IF(OR(I12="Card Not Present (Phone)",I12="Online"),1,0) -> 1 | W12: =SUM(Q12:V12) -> 1 | X12: {=_xlfn.IFS(W12<=1,"Low",W12=2,"Medium",W12>=3,"High")} -> Low
A13: TXN500012 | B13: CC-10001 | C13: 46150 | D13: 13:56 | E13: FlySafair | F13: Travel | G13: Gqeberha | H13: 5562.16 | I13: Card Present | J13: Approved | L13: =PROPER(TRIM(SUBSTITUTE(_xlfn.XLOOKUP(B13,Cardholders_Reference!A:A,Cardholders_Reference!B:B),","," "))) -> Fatima Adams | M13: =_xlfn.XLOOKUP(B13,Cardholders_Reference!A:A,Cardholders_Reference!G:G) -> 20000 | N13: =_xlfn.XLOOKUP(B13,Cardholders_Reference!A:A,Cardholders_Reference!D:D) -> Standard Bank | O13: =_xlfn.XLOOKUP(B13,Cardholders_Reference!A:A,Cardholders_Reference!E:E) -> Visa | P13: =H13/M13 -> 0.278108 | Q13: =IF(COUNTIFS($B$1:$B$738,B12,$G$1:$G$738,G12)/COUNTIF($B$1:$B$738,B12)<0.5,1,0) -> 0 | R13: =IF(D13="Unknown",1,IF(OR(TIMEVALUE(D13)<TIME(5,0,0),TIMEVALUE(D13)>=TIME(23,0,0)),1,0)) -> 0 | S13: =IF(COUNTIFS($B$1:$B$738,B12,$C$1:$C$738,#REF!)>2,1,0) -> 0 | T13: =IF(P12>0.4,1,0) -> 0 | U13: =IF(OR(F12="Gambling",F12="ATM Withdrawal"),1,0) -> 0 | V13: =IF(OR(I13="Card Not Present (Phone)",I13="Online"),1,0) -> 0 | W13: =SUM(Q13:V13) -> 0 | X13: {=_xlfn.IFS(W13<=1,"Low",W13=2,"Medium",W13>=3,"High")} -> Low
... A39: TXN500038 | B39: CC-10002 | C39: 45734 | D39: 15:10 | E39: Showmax | F39: Subscription Services | G39: Pretoria | H39: 435.24 | I39: Card Present | J39: Approved | L39: =PROPER(TRIM(SUBSTITUTE(_xlfn.XLOOKUP(B39,Cardholders_Reference!A:A,Cardholders_Reference!B:B),","," "))) -> Mahlangu Lerato | M39: =_xlfn.XLOOKUP(B39,Cardholders_Reference!A:A,Cardholders_Reference!G:G) -> 100000 | N39: =_xlfn.XLOOKUP(B39,Cardholders_Reference!A:A,Cardholders_Reference!D:D) -> Capitec | O39: =_xlfn.XLOOKUP(B39,Cardholders_Reference!A:A,Cardholders_Reference!E:E) -> Visa | P39: =H39/M39 -> 0.0043524 | Q39: =IF(COUNTIFS($B$1:$B$738,B38,$G$1:$G$738,G38)/COUNTIF($B$1:$B$738,B38)<0.5,1,0) -> 0 | R39: =IF(D39="Unknown",1,IF(OR(TIMEVALUE(D39)<TIME(5,0,0),TIMEVALUE(D39)>=TIME(23,0,0)),1,0)) -> 0 | S39: =IF(COUNTIFS($B$1:$B$738,B38,$C$1:$C$738,#REF!)>2,1,0) -> 0 | T39: =IF(P38>0.4,1,0) -> 0 | U39: =IF(OR(F38="Gambling",F38="ATM Withdrawal"),1,0) -> 1 | V39: =IF(OR(I39="Card Not Present (Phone)",I39="Online"),1,0) -> 0 | W39: =SUM(Q39:V39) -> 1 | X39: {=_xlfn.IFS(W39<=1,"Low",W39=2,"Medium",W39>=3,"High")} -> Low
A40: TXN500039 | B40: CC-10002 | C40: 45828 | D40: 09:29 | E40: Pick n Pay | F40: Grocery | G40: Pretoria | H40: 378.11 | I40: Contactless | J40: Declined | K40: verified via OTP call | L40: =PROPER(TRIM(SUBSTITUTE(_xlfn.XLOOKUP(B40,Cardholders_Reference!A:A,Cardholders_Reference!B:B),","," "))) -> Mahlangu Lerato | M40: =_xlfn.XLOOKUP(B40,Cardholders_Reference!A:A,Cardholders_Reference!G:G) -> 100000 | N40: =_xlfn.XLOOKUP(B40,Cardholders_Reference!A:A,Cardholders_Reference!D:D) -> Capitec | O40: =_xlfn.XLOOKUP(B40,Cardholders_Reference!A:A,Cardholders_Reference!E:E) -> Visa | P40: =H40/M40 -> 0.0037811 | Q40: =IF(COUNTIFS($B$1:$B$738,B39,$G$1:$G$738,G39)/COUNTIF($B$1:$B$738,B39)<0.5,1,0) -> 0 | R40: =IF(D40="Unknown",1,IF(OR(TIMEVALUE(D40)<TIME(5,0,0),TIMEVALUE(D40)>=TIME(23,0,0)),1,0)) -> 0 | S40: =IF(COUNTIFS($B$1:$B$738,B39,$C$1:$C$738,#REF!)>2,1,0) -> 0 | T40: =IF(P39>0.4,1,0) -> 0 | U40: =IF(OR(F39="Gambling",F39="ATM Withdrawal"),1,0) -> 0 | V40: =IF(OR(I40="Card Not Present (Phone)",I40="Online"),1,0) -> 0 | W40: =SUM(Q40:V40) -> 0 | X40: {=_xlfn.IFS(W40<=1,"Low",W40=2,"Medium",W40>=3,"High")} -> Low
A41: TXN500040 | B41: CC-10003 | C41: 45766 | D41: 19:11 | E41: Amazon | F41: Online Retail | G41: Cape Town | H41: 429.93 | I41: Card Present | J41: Approved | L41: =PROPER(TRIM(SUBSTITUTE(_xlfn.XLOOKUP(B41,Cardholders_Reference!A:A,Cardholders_Reference!B:B),","," "))) -> Lerato Dlamini | M41: =_xlfn.XLOOKUP(B41,Cardholders_Reference!A:A,Cardholders_Reference!G:G) -> 30000 | N41: =_xlfn.XLOOKUP(B41,Cardholders_Reference!A:A,Cardholders_Reference!D:D) -> Nedbank | O41: =_xlfn.XLOOKUP(B41,Cardholders_Reference!A:A,Cardholders_Reference!E:E) -> Visa | P41: =H41/M41 -> 0.014331 | Q41: =IF(COUNTIFS($B$1:$B$738,B40,$G$1:$G$738,G40)/COUNTIF($B$1:$B$738,B40)<0.5,1,0) -> 1 | R41: =IF(D41="Unknown",1,IF(OR(TIMEVALUE(D41)<TIME(5,0,0),TIMEVALUE(D41)>=TIME(23,0,0)),1,0)) -> 0 | S41: =IF(COUNTIFS($B$1:$B$738,B40,$C$1:$C$738,#REF!)>2,1,0) -> 0 | T41: =IF(P40>0.4,1,0) -> 0 | U41: =IF(OR(F40="Gambling",F40="ATM Withdrawal"),1,0) -> 0 | V41: =IF(OR(I41="Card Not Present (Phone)",I41="Online"),1,0) -> 0 | W41: =SUM(Q41:V41) -> 1 | X41: {=_xlfn.IFS(W41<=1,"Low",W41=2,"Medium",W41>=3,"High")} -> Low
A42: TXN500041 | B42: CC-10003 | C42: 46073 | D42: 20:48 | E42: Superbalist | F42: Online Retail | G42: Cape Town | H42: 3748 | I42: Card Present | J42: Declined | L42: =PROPER(TRIM(SUBSTITUTE(_xlfn.XLOOKUP(B42,Cardholders_Reference!A:A,Cardholders_Reference!B:B),","," "))) -> Lerato Dlamini | M42: =_xlfn.XLOOKUP(B42,Cardholders_Reference!A:A,Cardholders_Reference!G:G) -> 30000 | N42: =_xlfn.XLOOKUP(B42,Cardholders_Reference!A:A,Cardholders_Reference!D:D) -> Nedbank | O42: =_xlfn.XLOOKUP(B42,Cardholders_Reference!A:A,Cardholders_Reference!E:E) -> Visa | P42: =H42/M42 -> 0.12493333 | Q42: =IF(COUNTIFS($B$1:$B$738,B41,$G$1:$G$738,G41)/COUNTIF($B$1:$B$738,B41)<0.5,1,0) -> 1 | R42: =IF(D42="Unknown",1,IF(OR(TIMEVALUE(D42)<TIME(5,0,0),TIMEVALUE(D42)>=TIME(23,0,0)),1,0)) -> 0 | S42: =IF(COUNTIFS($B$1:$B$738,B41,$C$1:$C$738,#REF!)>2,1,0) -> 0 | T42: =IF(P41>0.4,1,0) -> 0 | U42: =IF(OR(F41="Gambling",F41="ATM Withdrawal"),1,0) -> 0 | V42: =IF(OR(I42="Card Not Present (Phone)",I42="Online"),1,0) -> 0 | W42: =SUM(Q42:V42) -> 1 | X42: {=_xlfn.IFS(W42<=1,"Low",W42=2,"Medium",W42>=3,"High")} -> Low
A43: TXN500042 | B43: CC-10003 | C43: 46067 | D43: 07:20 | E43: Showmax | F43: Subscription Services | G43: Cape Town | H43: 362.52 | I43: Card Not Present (Phone) | J43: Approved | L43: =PROPER(TRIM(SUBSTITUTE(_xlfn.XLOOKUP(B43,Cardholders_Reference!A:A,Cardholders_Reference!B:B),","," "))) -> Lerato Dlamini | M43: =_xlfn.XLOOKUP(B43,Cardholders_Reference!A:A,Cardholders_Reference!G:G) -> 30000 | N43: =_xlfn.XLOOKUP(B43,Cardholders_Reference!A:A,Cardholders_Reference!D:D) -> Nedbank | O43: =_xlfn.XLOOKUP(B43,Cardholders_Reference!A:A,Cardholders_Reference!E:E) -> Visa | P43: =H43/M43 -> 0.012084 | Q43: =IF(COUNTIFS($B$1:$B$738,B42,$G$1:$G$738,G42)/COUNTIF($B$1:$B$738,B42)<0.5,1,0) -> 0 | R43: =IF(D43="Unknown",1,IF(OR(TIMEVALUE(D43)<TIME(5,0,0),TIMEVALUE(D43)>=TIME(23,0,0)),1,0)) -> 0 | S43: =IF(COUNTIFS($B$1:$B$738,B42,$C$1:$C$738,#REF!)>2,1,0) -> 0 | T43: =IF(P42>0.4,1,0) -> 0 | U43: =IF(OR(F42="Gambling",F42="ATM Withdrawal"),1,0) -> 0 | V43: =IF(OR(I43="Card Not Present (Phone)",I43="Online"),1,0) -> 1 | W43: =SUM(Q43:V43) -> 1 | X43: {=_xlfn.IFS(W43<=1,"Low",W43=2,"Medium",W43>=3,"High")} -> Low
A44: TXN500043 | B44: CC-10003 | C44: 46024 | D44: 22:44 | E44: Pick n Pay | F44: Grocery | G44: Cape Town | H44: 1701.4 | I44: Card Present | J44: Approved | L44: =PROPER(TRIM(SUBSTITUTE(_xlfn.XLOOKUP(B44,Cardholders_Reference!A:A,Cardholders_Reference!B:B),","," "))) -> Lerato Dlamini | M44: =_xlfn.XLOOKUP(B44,Cardholders_Reference!A:A,Cardholders_Reference!G:G) -> 30000 | N44: =_xlfn.XLOOKUP(B44,Cardholders_Reference!A:A,Cardholders_Reference!D:D) -> Nedbank | O44: =_xlfn.XLOOKUP(B44,Cardholders_Reference!A:A,Cardholders_Reference!E:E) -> Visa | P44: =H44/M44 -> 0.056713333 | Q44: =IF(COUNTIFS($B$1:$B$738,B43,$G$1:$G$738,G43)/COUNTIF($B$1:$B$738,B43)<0.5,1,0) -> 0 | R44: =IF(D44="Unknown",1,IF(OR(TIMEVALUE(D44)<TIME(5,0,0),TIMEVALUE(D44)>=TIME(23,0,0)),1,0)) -> 0 | S44: =IF(COUNTIFS($B$1:$B$738,B43,$C$1:$C$738,#REF!)>2,1,0) -> 0 | T44: =IF(P43>0.4,1,0) -> 0 | U44: =IF(OR(F43="Gambling",F43="ATM Withdrawal"),1,0) -> 0 | V44: =IF(OR(I44="Card Not Present (Phone)",I44="Online"),1,0) -> 0 | W44: =SUM(Q44:V44) -> 0 | X44: {=_xlfn.IFS(W44<=1,"Low",W44=2,"Medium",W44>=3,"High")} -> Low
A45: TXN500044 | B45: CC-10003 | C45: 46072 | D45: 10:57 | E45: Spar | F45: Grocery | G45: Cape Town | H45: 1605.59 | I45: Contactless | J45: Approved | L45: =PROPER(TRIM(SUBSTITUTE(_xlfn.XLOOKUP(B45,Cardholders_Reference!A:A,Cardholders_Reference!B:B),","," "))) -> Lerato Dlamini | M45: =_xlfn.XLOOKUP(B45,Cardholders_Reference!A:A,Cardholders_Reference!G:G) -> 30000 | N45: =_xlfn.XLOOKUP(B45,Cardholders_Reference!A:A,Cardholders_Reference!D:D) -> Nedbank | O45: =_xlfn.XLOOKUP(B45,Cardholders_Reference!A:A,Cardholders_Reference!E:E) -> Visa | P45: =H45/M45 -> 0.053519667 | Q45: =IF(COUNTIFS($B$1:$B$738,B44,$G$1:$G$738,G44)/COUNTIF($B$1:$B$738,B44)<0.5,1,0) -> 0 | R45: =IF(D45="Unknown",1,IF(OR(TIMEVALUE(D45)<TIME(5,0,0),TIMEVALUE(D45)>=TIME(23,0,0)),1,0)) -> 0 | S45: =IF(COUNTIFS($B$1:$B$738,B44,$C$1:$C$738,#REF!)>2,1,0) -> 0 | T45: =IF(P44>0.4,1,0) -> 0 | U45: =IF(OR(F44="Gambling",F44="ATM Withdrawal"),1,0) -> 0 | V45: =IF(OR(I45="Card Not Present (Phone)",I45="Online"),1,0) -> 0 | W45: =SUM(Q45:V45) -> 0 | X45: {=_xlfn.IFS(W45<=1,"Low",W45=2,"Medium",W45>=3,"High")} -> Low
A46: TXN500045 | B46: CC-10003 | C46: 45731 | D46: 21:52 | E46: Nandos | F46: Restaurant | G46: Cape Town | H46: 106.16 | I46: Card Present | J46: Approved | L46: =PROPER(TRIM(SUBSTITUTE(_xlfn.XLOOKUP(B46,Cardholders_Reference!A:A,Cardholders_Reference!B:B),","," "))) -> Lerato Dlamini | M46: =_xlfn.XLOOKUP(B46,Cardholders_Reference!A:A,Cardholders_Reference!G:G) -> 30000 | N46: =_xlfn.XLOOKUP(B46,Cardholders_Reference!A:A,Cardholders_Reference!D:D) -> Nedbank | O46: =_xlfn.XLOOKUP(B46,Cardholders_Reference!A:A,Cardholders_Reference!E:E) -> Visa | P46: =H46/M46 -> 0.0035386667 | Q46: =IF(COUNTIFS($B$1:$B$738,B45,$G$1:$G$738,G45)/COUNTIF($B$1:$B$738,B45)<0.5,1,0) -> 0 | R46: =IF(D46="Unknown",1,IF(OR(TIMEVALUE(D46)<TIME(5,0,0),TIMEVALUE(D46)>=TIME(23,0,0)),1,0)) -> 0 | S46: =IF(COUNTIFS($B$1:$B$738,B45,$C$1:$C$738,#REF!)>2,1,0) -> 0 | T46: =IF(P45>0.4,1,0) -> 0 | U46: =IF(OR(F45="Gambling",F45="ATM Withdrawal"),1,0) -> 0 | V46: =IF(OR(I46="Card Not Present (Phone)",I46="Online"),1,0) -> 0 | W46: =SUM(Q46:V46) -> 0 | X46: {=_xlfn.IFS(W46<=1,"Low",W46=2,"Medium",W46>=3,"High")} -> Low
A47: TXN500046 | B47: CC-10003 | C47: 46207 | D47: 13:18 | E47: Clicks | F47: Pharmacy | G47: Cape Town | H47: 814.43 | I47: Card Present | J47: Approved | L47: =PROPER(TRIM(SUBSTITUTE(_xlfn.XLOOKUP(B47,Cardholders_Reference!A:A,Cardholders_Reference!B:B),","," "))) -> Lerato Dlamini | M47: =_xlfn.XLOOKUP(B47,Cardholders_Reference!A:A,Cardholders_Reference!G:G) -> 30000 | N47: =_xlfn.XLOOKUP(B47,Cardholders_Reference!A:A,Cardholders_Reference!D:D) -> Nedbank | O47: =_xlfn.XLOOKUP(B47,Cardholders_Reference!A:A,Cardholders_Reference!E:E) -> Visa | P47: =H47/M47 -> 0.027147667 | Q47: =IF(COUNTIFS($B$1:$B$738,B46,$G$1:$G$738,G46)/COUNTIF($B$1:$B$738,B46)<0.5,1,0) -> 0 | R47: =IF(D47="Unknown",1,IF(OR(TIMEVALUE(D47)<TIME(5,0,0),TIMEVALUE(D47)>=TIME(23,0,0)),1,0)) -> 0 | S47: =IF(COUNTIFS($B$1:$B$738,B46,$C$1:$C$738,#REF!)>2,1,0) -> 0 | T47: =IF(P46>0.4,1,0) -> 0 | U47: =IF(OR(F46="Gambling",F46="ATM Withdrawal"),1,0) -> 0 | V47: =IF(OR(I47="Card Not Present (Phone)",I47="Online"),1,0) -> 0 | W47: =SUM(Q47:V47) -> 0 | X47: {=_xlfn.IFS(W47<=1,"Low",W47=2,"Medium",W47>=3,"High")} -> Low
A48: TXN500047 | B48: CC-10003 | C48: 45709 | D48: 10:19 | E48: MTN | F48: Utilities | G48: Durban | H48: 1611.95 | I48: Online | J48: Approved | L48: =PROPER(TRIM(SUBSTITUTE(_xlfn.XLOOKUP(B48,Cardholders_Reference!A:A,Cardholders_Reference!B:B),","," "))) -> Lerato Dlamini | M48: =_xlfn.XLOOKUP(B48,Cardholders_Reference!A:A,Cardholders_Reference!G:G) -> 30000 | N48: =_xlfn.XLOOKUP(B48,Cardholders_Reference!A:A,Cardholders_Reference!D:D) -> Nedbank | O48: =_xlfn.XLOOKUP(B48,Cardholders_Reference!A:A,Cardholders_Reference!E:E) -> Visa | P48: =H48/M48 -> 0.053731667 | Q48: =IF(COUNTIFS($B$1:$B$738,B47,$G$1:$G$738,G47)/COUNTIF($B$1:$B$738,B47)<0.5,1,0) -> 1 | R48: =IF(D48="Unknown",1,IF(OR(TIMEVALUE(D48)<TIME(5,0,0),TIMEVALUE(D48)>=TIME(23,0,0)),1,0)) -> 0 | S48: =IF(COUNTIFS($B$1:$B$738,B47,$C$1:$C$738,#REF!)>2,1,0) -> 0 | T48: =IF(P47>0.4,1,0) -> 0 | U48: =IF(OR(F47="Gambling",F47="ATM Withdrawal"),1,0) -> 0 | V48: =IF(OR(I48="Card Not Present (Phone)",I48="Online"),1,0) -> 1 | W48: =SUM(Q48:V48) -> 2 | X48: {=_xlfn.IFS(W48<=1,"Low",W48=2,"Medium",W48>=3,"High")} -> Medium
A49: TXN500048 | B49: CC-10003 | C49: 45770 | D49: 13:17 | E49: Shell | F49: Fuel | G49: Cape Town | H49: 1011.44 | I49: Card Not Present (Phone) | J49: Declined | L49: =PROPER(TRIM(SUBSTITUTE(_xlfn.XLOOKUP(B49,Cardholders_Reference!A:A,Cardholders_Reference!B:B),","," "))) -> Lerato Dlamini | M49: =_xlfn.XLOOKUP(B49,Cardholders_Reference!A:A,Cardholders_Reference!G:G) -> 30000 | N49: =_xlfn.XLOOKUP(B49,Cardholders_Reference!A:A,Cardholders_Reference!D:D) -> Nedbank | O49: =_xlfn.XLOOKUP(B49,Cardholders_Reference!A:A,Cardholders_Reference!E:E) -> Visa | P49: =H49/M49 -> 0.033714667 | Q49: =IF(COUNTIFS($B$1:$B$738,B48,$G$1:$G$738,G48)/COUNTIF($B$1:$B$738,B48)<0.5,1,0) -> 1 | R49: =IF(D49="Unknown",1,IF(OR(TIMEVALUE(D49)<TIME(5,0,0),TIMEVALUE(D49)>=TIME(23,0,0)),1,0)) -> 0 | S49: =IF(COUNTIFS($B$1:$B$738,B48,$C$1:$C$738,#REF!)>2,1,0) -> 0 | T49: =IF(P48>0.4,1,0) -> 0 | U49: =IF(OR(F48="Gambling",F48="ATM Withdrawal"),1,0) -> 0 | V49: =IF(OR(I49="Card Not Present (Phone)",I49="Online"),1,0) -> 1 | W49: =SUM(Q49:V49) -> 2 | X49: {=_xlfn.IFS(W49<=1,"Low",W49=2,"Medium",W49>=3,"High")} -> Medium
A50: TXN500049 | B50: CC-10003 | C50: 45830 | D50: Unknown | E50: Checkers | F50: Grocery | G50: Cape Town | H50: 876.57 | I50: Card Present | J50: Declined | L50: =PROPER(TRIM(SUBSTITUTE(_xlfn.XLOOKUP(B50,Cardholders_Reference!A:A,Cardholders_Reference!B:B),","," "))) -> Lerato Dlamini | M50: =_xlfn.XLOOKUP(B50,Cardholders_Reference!A:A,Cardholders_Reference!G:G) -> 30000 | N50: =_xlfn.XLOOKUP(B50,Cardholders_Reference!A:A,Cardholders_Reference!D:D) -> Nedbank | O50: =_xlfn.XLOOKUP(B50,Cardholders_Reference!A:A,Cardholders_Reference!E:E) -> Visa | P50: =H50/M50 -> 0.029219 | Q50: =IF(COUNTIFS($B$1:$B$738,B49,$G$1:$G$738,G49)/COUNTIF($B$1:$B$738,B49)<0.5,1,0) -> 1 | R50: =IF(D50="Unknown",1,IF(OR(TIMEVALUE(D50)<TIME(5,0,0),TIMEVALUE(D50)>=TIME(23,0,0)),1,0)) -> 1 | S50: =IF(COUNTIFS($B$1:$B$738,B49,$C$1:$C$738,#REF!)>2,1,0) -> 0 | T50: =IF(P49>0.4,1,0) -> 0 | U50: =IF(OR(F49="Gambling",F49="ATM Withdrawal"),1,0) -> 0 | V50: =IF(OR(I50="Card Not Present (Phone)",I50="Online"),1,0) -> 0 | W50: =SUM(Q50:V50) -> 2 | X50: {=_xlfn.IFS(W50<=1,"Low",W50=2,"Medium",W50>=3,"High")} -> Medium
A51: TXN500050 | B51: CC-10003 | C51: 46785 | D51: 09:10 | E51: Amazon | F51: Online Retail | G51: Cape Town | H51: 3357.01 | I51: Card Present | J51: Approved | L51: =PROPER(TRIM(SUBSTITUTE(_xlfn.XLOOKUP(B51,Cardholders_Reference!A:A,Cardholders_Reference!B:B),","," "))) -> Lerato Dlamini | M51: =_xlfn.XLOOKUP(B51,Cardholders_Reference!A:A,Cardholders_Reference!G:G) -> 30000 | N51: =_xlfn.XLOOKUP(B51,Cardholders_Reference!A:A,Cardholders_Reference!D:D) -> Nedbank | O51: =_xlfn.XLOOKUP(B51,Cardholders_Reference!A:A,Cardholders_Reference!E:E) -> Visa | P51: =H51/M51 -> 0.11190033 | Q51: =IF(COUNTIFS($B$1:$B$738,B50,$G$1:$G$738,G50)/COUNTIF($B$1:$B$738,B50)<0.5,1,0) -> 0 | R51: =IF(D51="Unknown",1,IF(OR(TIMEVALUE(D51)<TIME(5,0,0),TIMEVALUE(D51)>=TIME(23,0,0)),1,0)) -> 0 | S51: =IF(COUNTIFS($B$1:$B$738,B50,$C$1:$C$738,#REF!)>2,1,0) -> 0 | T51: =IF(P50>0.4,1,0) -> 0 | U51: =IF(OR(F50="Gambling",F50="ATM Withdrawal"),1,0) -> 0 | V51: =IF(OR(I51="Card Not Present (Phone)",I51="Online"),1,0) -> 0 | W51: =SUM(Q51:V51) -> 0 | X51: {=_xlfn.IFS(W51<=1,"Low",W51=2,"Medium",W51>=3,"High")} -> Low
A52: TXN500051 | B52: CC-10003 | C52: 46023 | D52: 22:03 | E52: Total | F52: Fuel | G52: Cape Town | H52: 588.72 | I52: Contactless | J52: Approved | L52: =PROPER(TRIM(SUBSTITUTE(_xlfn.XLOOKUP(B52,Cardholders_Reference!A:A,Cardholders_Reference!B:B),","," "))) -> Lerato Dlamini | M52: =_xlfn.XLOOKUP(B52,Cardholders_Reference!A:A,Cardholders_Reference!G:G) -> 30000 | N52: =_xlfn.XLOOKUP(B52,Cardholders_Reference!A:A,Cardholders_Reference!D:D) -> Nedbank | O52: =_xlfn.XLOOKUP(B52,Cardholders_Reference!A:A,Cardholders_Reference!E:E) -> Visa | P52: =H52/M52 -> 0.019624 | Q52: =IF(COUNTIFS($B$1:$B$738,B51,$G$1:$G$738,G51)/COUNTIF($B$1:$B$738,B51)<0.5,1,0) -> 1 | R52: =IF(D52="Unknown",1,IF(OR(TIMEVALUE(D52)<TIME(5,0,0),TIMEVALUE(D52)>=TIME(23,0,0)),1,0)) -> 0 | S52: =IF(COUNTIFS($B$1:$B$738,B51,$C$1:$C$738,#REF!)>2,1,0) -> 0 | T52: =IF(P51>0.4,1,0) -> 0 | U52: =IF(OR(F51="Gambling",F51="ATM Withdrawal"),1,0) -> 0 | V52: =IF(OR(I52="Card Not Present (Phone)",I52="Online"),1,0) -> 0 | W52: =SUM(Q52:V52) -> 1 | X52: {=_xlfn.IFS(W52<=1,"Low",W52=2,"Medium",W52>=3,"High")} -> Low
... A56: TXN500055 | B56: CC-10004 | C56: 45988 | D56: 15:48 | E56: FNB ATM | F56: ATM Withdrawal | G56: Johannesburg | H56: 1260.81 | I56: Online | J56: Approved | L56: =PROPER(TRIM(SUBSTITUTE(_xlfn.XLOOKUP(B56,Cardholders_Reference!A:A,Cardholders_Reference!B:B),","," "))) -> Rachel Sithole | M56: =_xlfn.XLOOKUP(B56,Cardholders_Reference!A:A,Cardholders_Reference!G:G) -> 20000 | N56: =_xlfn.XLOOKUP(B56,Cardholders_Reference!A:A,Cardholders_Reference!D:D) -> FNB | O56: =_xlfn.XLOOKUP(B56,Cardholders_Reference!A:A,Cardholders_Reference!E:E) -> Mastercard | P56: =H56/M56 -> 0.0630405 | Q56: =IF(COUNTIFS($B$1:$B$738,B55,$G$1:$G$738,G55)/COUNTIF($B$1:$B$738,B55)<0.5,1,0) -> 0 | R56: =IF(D56="Unknown",1,IF(OR(TIMEVALUE(D56)<TIME(5,0,0),TIMEVALUE(D56)>=TIME(23,0,0)),1,0)) -> 0 | S56: =IF(COUNTIFS($B$1:$B$738,B55,$C$1:$C$738,#REF!)>2,1,0) -> 0 | T56: =IF(P55>0.4,1,0) -> 0 | U56: =IF(OR(F55="Gambling",F55="ATM Withdrawal"),1,0) -> 0 | V56: =IF(OR(I56="Card Not Present (Phone)",I56="Online"),1,0) -> 1 | W56: =SUM(Q56:V56) -> 1 | X56: {=_xlfn.IFS(W56<=1,"Low",W56=2,"Medium",W56>=3,"High")} -> Low
A57: TXN500056 | B57: CC-10004 | C57: 45699 | D57: 20:29 | E57: Amazon | F57: Online Retail | G57: Johannesburg | H57: 752.19 | I57: Online | J57: Approved | K57: chargeback initiated | L57: =PROPER(TRIM(SUBSTITUTE(_xlfn.XLOOKUP(B57,Cardholders_Reference!A:A,Cardholders_Reference!B:B),","," "))) -> Rachel Sithole | M57: =_xlfn.XLOOKUP(B57,Cardholders_Reference!A:A,Cardholders_Reference!G:G) -> 20000 | N57: =_xlfn.XLOOKUP(B57,Cardholders_Reference!A:A,Cardholders_Reference!D:D) -> FNB | O57: =_xlfn.XLOOKUP(B57,Cardholders_Reference!A:A,Cardholders_Reference!E:E) -> Mastercard | P57: =H57/M57 -> 0.0376095 | Q57: =IF(COUNTIFS($B$1:$B$738,B56,$G$1:$G$738,G56)/COUNTIF($B$1:$B$738,B56)<0.5,1,0) -> 0 | R57: =IF(D57="Unknown",1,IF(OR(TIMEVALUE(D57)<TIME(5,0,0),TIMEVALUE(D57)>=TIME(23,0,0)),1,0)) -> 0 | S57: =IF(COUNTIFS($B$1:$B$738,B56,$C$1:$C$738,#REF!)>2,1,0) -> 0 | T57: =IF(P56>0.4,1,0) -> 0 | U57: =IF(OR(F56="Gambling",F56="ATM Withdrawal"),1,0) -> 1 | V57: =IF(OR(I57="Card Not Present (Phone)",I57="Online"),1,0) -> 1 | W57: =SUM(Q57:V57) -> 2 | X57: {=_xlfn.IFS(W57<=1,"Low",W57=2,"Medium",W57>=3,"High")} -> Medium
A58: TXN500057 | B58: CC-10004 | C58: 46147 | D58: 09:25 | E58: Uber Eats | F58: Restaurant | G58: Johannesburg | H58: 633.84 | I58: Online | J58: Approved | L58: =PROPER(TRIM(SUBSTITUTE(_xlfn.XLOOKUP(B58,Cardholders_Reference!A:A,Cardholders_Reference!B:B),","," "))) -> Rachel Sithole | M58: =_xlfn.XLOOKUP(B58,Cardholders_Reference!A:A,Cardholders_Reference!G:G) -> 20000 | N58: =_xlfn.XLOOKUP(B58,Cardholders_Reference!A:A,Cardholders_Reference!D:D) -> FNB | O58: =_xlfn.XLOOKUP(B58,Cardholders_Reference!A:A,Cardholders_Reference!E:E) -> Mastercard | P58: =H58/M58 -> 0.031692 | Q58: =IF(COUNTIFS($B$1:$B$738,B57,$G$1:$G$738,G57)/COUNTIF($B$1:$B$738,B57)<0.5,1,0) -> 0 | R58: =IF(D58="Unknown",1,IF(OR(TIMEVALUE(D58)<TIME(5,0,0),TIMEVALUE(D58)>=TIME(23,0,0)),1,0)) -> 0 | S58: =IF(COUNTIFS($B$1:$B$738,B57,$C$1:$C$738,#REF!)>2,1,0) -> 0 | T58: =IF(P57>0.4,1,0) -> 0 | U58: =IF(OR(F57="Gambling",F57="ATM Withdrawal"),1,0) -> 0 | V58: =IF(OR(I58="Card Not Present (Phone)",I58="Online"),1,0) -> 1 | W58: =SUM(Q58:V58) -> 1 | X58: {=_xlfn.IFS(W58<=1,"Low",W58=2,"Medium",W58>=3,"High")} -> Low
A59: TXN500058 | B59: CC-10004 | C59: 45872 | D59: 18:19 | E59: Amazon | F59: Online Retail | G59: Johannesburg | H59: 2716.48 | I59: Card Present | J59: Approved | L59: =PROPER(TRIM(SUBSTITUTE(_xlfn.XLOOKUP(B59,Cardholders_Reference!A:A,Cardholders_Reference!B:B),","," "))) -> Rachel Sithole | M59: =_xlfn.XLOOKUP(B59,Cardholders_Reference!A:A,Cardholders_Reference!G:G) -> 20000 | N59: =_xlfn.XLOOKUP(B59,Cardholders_Reference!A:A,Cardholders_Reference!D:D) -> FNB | O59: =_xlfn.XLOOKUP(B59,Cardholders_Reference!A:A,Cardholders_Reference!E:E) -> Mastercard | P59: =H59/M59 -> 0.135824 | Q59: =IF(COUNTIFS($B$1:$B$738,B58,$G$1:$G$738,G58)/COUNTIF($B$1:$B$738,B58)<0.5,1,0) -> 0 | R59: =IF(D59="Unknown",1,IF(OR(TIMEVALUE(D59)<TIME(5,0,0),TIMEVALUE(D59)>=TIME(23,0,0)),1,0)) -> 0 | S59: =IF(COUNTIFS($B$1:$B$738,B58,$C$1:$C$738,#REF!)>2,1,0) -> 0 | T59: =IF(P58>0.4,1,0) -> 0 | U59: =IF(OR(F58="Gambling",F58="ATM Withdrawal"),1,0) -> 0 | V59: =IF(OR(I59="Card Not Present (Phone)",I59="Online"),1,0) -> 0 | W59: =SUM(Q59:V59) -> 0 | X59: {=_xlfn.IFS(W59<=1,"Low",W59=2,"Medium",W59>=3,"High")} -> Low
A60: TXN500059 | B60: CC-10004 | C60: 46035 | D60: 08:13 | E60: Incredible Connection | F60: Electronics | G60: Johannesburg | H60: 8903.29 | I60: Contactless | J60: Approved | L60: =PROPER(TRIM(SUBSTITUTE(_xlfn.XLOOKUP(B60,Cardholders_Reference!A:A,Cardholders_Reference!B:B),","," "))) -> Rachel Sithole | M60: =_xlfn.XLOOKUP(B60,Cardholders_Reference!A:A,Cardholders_Reference!G:G) -> 20000 | N60: =_xlfn.XLOOKUP(B60,Cardholders_Reference!A:A,Cardholders_Reference!D:D) -> FNB | O60: =_xlfn.XLOOKUP(B60,Cardholders_Reference!A:A,Cardholders_Reference!E:E) -> Mastercard | P60: =H60/M60 -> 0.4451645 | Q60: =IF(COUNTIFS($B$1:$B$738,B59,$G$1:$G$738,G59)/COUNTIF($B$1:$B$738,B59)<0.5,1,0) -> 0 | R60: =IF(D60="Unknown",1,IF(OR(TIMEVALUE(D60)<TIME(5,0,0),TIMEVALUE(D60)>=TIME(23,0,0)),1,0)) -> 0 | S60: =IF(COUNTIFS($B$1:$B$738,B59,$C$1:$C$738,#REF!)>2,1,0) -> 0 | T60: =IF(P59>0.4,1,0) -> 0 | U60: =IF(OR(F59="Gambling",F59="ATM Withdrawal"),1,0) -> 0 | V60: =IF(OR(I60="Card Not Present (Phone)",I60="Online"),1,0) -> 0 | W60: =SUM(Q60:V60) -> 0 | X60: {=_xlfn.IFS(W60<=1,"Low",W60=2,"Medium",W60>=3,"High")} -> Low
A61: TXN500060 | B61: CC-10004 | C61: 45836 | D61: 22:13 | E61: Uber Eats | F61: Restaurant | G61: Johannesburg | H61: 286.81 | I61: Card Not Present (Phone) | J61: Declined | L61: =PROPER(TRIM(SUBSTITUTE(_xlfn.XLOOKUP(B61,Cardholders_Reference!A:A,Cardholders_Reference!B:B),","," "))) -> Rachel Sithole | M61: =_xlfn.XLOOKUP(B61,Cardholders_Reference!A:A,Cardholders_Reference!G:G) -> 20000 | N61: =_xlfn.XLOOKUP(B61,Cardholders_Reference!A:A,Cardholders_Reference!D:D) -> FNB | O61: =_xlfn.XLOOKUP(B61,Cardholders_Reference!A:A,Cardholders_Reference!E:E) -> Mastercard | P61: =H61/M61 -> 0.0143405 | Q61: =IF(COUNTIFS($B$1:$B$738,B60,$G$1:$G$738,G60)/COUNTIF($B$1:$B$738,B60)<0.5,1,0) -> 0 | R61: =IF(D61="Unknown",1,IF(OR(TIMEVALUE(D61)<TIME(5,0,0),TIMEVALUE(D61)>=TIME(23,0,0)),1,0)) -> 0 | S61: =IF(COUNTIFS($B$1:$B$738,B60,$C$1:$C$738,#REF!)>2,1,0) -> 0 | T61: =IF(P60>0.4,1,0) -> 1 | U61: =IF(OR(F60="Gambling",F60="ATM Withdrawal"),1,0) -> 0 | V61: =IF(OR(I61="Card Not Present (Phone)",I61="Online"),1,0) -> 1 | W61: =SUM(Q61:V61) -> 2 | X61: {=_xlfn.IFS(W61<=1,"Low",W61=2,"Medium",W61>=3,"High")} -> Medium
A62: TXN500061 | B62: CC-10004 | C62: 45847 | D62: 10:23 | E62: Woolworths | F62: Grocery | G62: Johannesburg | H62: 1343.7 | I62: Card Present | J62: Approved | L62: =PROPER(TRIM(SUBSTITUTE(_xlfn.XLOOKUP(B62,Cardholders_Reference!A:A,Cardholders_Reference!B:B),","," "))) -> Rachel Sithole | M62: =_xlfn.XLOOKUP(B62,Cardholders_Reference!A:A,Cardholders_Reference!G:G) -> 20000 | N62: =_xlfn.XLOOKUP(B62,Cardholders_Reference!A:A,Cardholders_Reference!D:D) -> FNB | O62: =_xlfn.XLOOKUP(B62,Cardholders_Reference!A:A,Cardholders_Reference!E:E) -> Mastercard | P62: =H62/M62 -> 0.067185 | Q62: =IF(COUNTIFS($B$1:$B$738,B61,$G$1:$G$738,G61)/COUNTIF($B$1:$B$738,B61)<0.5,1,0) -> 1 | R62: =IF(D62="Unknown",1,IF(OR(TIMEVALUE(D62)<TIME(5,0,0),TIMEVALUE(D62)>=TIME(23,0,0)),1,0)) -> 0 | S62: =IF(COUNTIFS($B$1:$B$738,B61,$C$1:$C$738,#REF!)>2,1,0) -> 0 | T62: =IF(P61>0.4,1,0) -> 0 | U62: =IF(OR(F61="Gambling",F61="ATM Withdrawal"),1,0) -> 0 | V62: =IF(OR(I62="Card Not Present (Phone)",I62="Online"),1,0) -> 0 | W62: =SUM(Q62:V62) -> 1 | X62: {=_xlfn.IFS(W62<=1,"Low",W62=2,"Medium",W62>=3,"High")} -> Low
A63: TXN500062 | B63: CC-10005 | C63: 45911 | D63: 08:19 | E63: Incredible Connection | F63: Electronics | G63: Cape Town | H63: 3140.21 | I63: Online | J63: Approved | L63: =PROPER(TRIM(SUBSTITUTE(_xlfn.XLOOKUP(B63,Cardholders_Reference!A:A,Cardholders_Reference!B:B),","," "))) -> Sanele Fourie | M63: =_xlfn.XLOOKUP(B63,Cardholders_Reference!A:A,Cardholders_Reference!G:G) -> 20000 | N63: =_xlfn.XLOOKUP(B63,Cardholders_Reference!A:A,Cardholders_Reference!D:D) -> Nedbank | O63: =_xlfn.XLOOKUP(B63,Cardholders_Reference!A:A,Cardholders_Reference!E:E) -> Mastercard | P63: =H63/M63 -> 0.1570105 | Q63: =IF(COUNTIFS($B$1:$B$738,B62,$G$1:$G$738,G62)/COUNTIF($B$1:$B$738,B62)<0.5,1,0) -> 0 | R63: =IF(D63="Unknown",1,IF(OR(TIMEVALUE(D63)<TIME(5,0,0),TIMEVALUE(D63)>=TIME(23,0,0)),1,0)) -> 0 | S63: =IF(COUNTIFS($B$1:$B$738,B62,$C$1:$C$738,#REF!)>2,1,0) -> 0 | T63: =IF(P62>0.4,1,0) -> 0 | U63: =IF(OR(F62="Gambling",F62="ATM Withdrawal"),1,0) -> 0 | V63: =IF(OR(I63="Card Not Present (Phone)",I63="Online"),1,0) -> 1 | W63: =SUM(Q63:V63) -> 1 | X63: {=_xlfn.IFS(W63<=1,"Low",W63=2,"Medium",W63>=3,"High")} -> Low
A64: TXN500063 | B64: CC-10005 | C64: 46147 | D64: 15:20 | E64: Telkom | F64: Utilities | G64: Cape Town | H64: 1860.93 | I64: Contactless | J64: Approved | L64: =PROPER(TRIM(SUBSTITUTE(_xlfn.XLOOKUP(B64,Cardholders_Reference!A:A,Cardholders_Reference!B:B),","," "))) -> Sanele Fourie | M64: =_xlfn.XLOOKUP(B64,Cardholders_Reference!A:A,Cardholders_Reference!G:G) -> 20000 | N64: =_xlfn.XLOOKUP(B64,Cardholders_Reference!A:A,Cardholders_Reference!D:D) -> Nedbank | O64: =_xlfn.XLOOKUP(B64,Cardholders_Reference!A:A,Cardholders_Reference!E:E) -> Mastercard | P64: =H64/M64 -> 0.0930465 | Q64: =IF(COUNTIFS($B$1:$B$738,B63,$G$1:$G$738,G63)/COUNTIF($B$1:$B$738,B63)<0.5,1,0) -> 0 | R64: =IF(D64="Unknown",1,IF(OR(TIMEVALUE(D64)<TIME(5,0,0),TIMEVALUE(D64)>=TIME(23,0,0)),1,0)) -> 0 | S64: =IF(COUNTIFS($B$1:$B$738,B63,$C$1:$C$738,#REF!)>2,1,0) -> 0 | T64: =IF(P63>0.4,1,0) -> 0 | U64: =IF(OR(F63="Gambling",F63="ATM Withdrawal"),1,0) -> 0 | V64: =IF(OR(I64="Card Not Present (Phone)",I64="Online"),1,0) -> 0 | W64: =SUM(Q64:V64) -> 0 | X64: {=_xlfn.IFS(W64<=1,"Low",W64=2,"Medium",W64>=3,"High")} -> Low
A65: TXN500064 | B65: CC-10005 | C65: 46001 | D65: 18:39 | E65: Engen | F65: Fuel | G65: Cape Town | H65: 809.34 | I65: Card Not Present (Phone) | J65: Approved | L65: =PROPER(TRIM(SUBSTITUTE(_xlfn.XLOOKUP(B65,Cardholders_Reference!A:A,Cardholders_Reference!B:B),","," "))) -> Sanele Fourie | M65: =_xlfn.XLOOKUP(B65,Cardholders_Reference!A:A,Cardholders_Reference!G:G) -> 20000 | N65: =_xlfn.XLOOKUP(B65,Cardholders_Reference!A:A,Cardholders_Reference!D:D) -> Nedbank | O65: =_xlfn.XLOOKUP(B65,Cardholders_Reference!A:A,Cardholders_Reference!E:E) -> Mastercard | P65: =H65/M65 -> 0.040467 | Q65: =IF(COUNTIFS($B$1:$B$738,B64,$G$1:$G$738,G64)/COUNTIF($B$1:$B$738,B64)<0.5,1,0) -> 0 | R65: =IF(D65="Unknown",1,IF(OR(TIMEVALUE(D65)<TIME(5,0,0),TIMEVALUE(D65)>=TIME(23,0,0)),1,0)) -> 0 | S65: =IF(COUNTIFS($B$1:$B$738,B64,$C$1:$C$738,#REF!)>2,1,0) -> 0 | T65: =IF(P64>0.4,1,0) -> 0 | U65: =IF(OR(F64="Gambling",F64="ATM Withdrawal"),1,0) -> 0 | V65: =IF(OR(I65="Card Not Present (Phone)",I65="Online"),1,0) -> 1 | W65: =SUM(Q65:V65) -> 1 | X65: {=_xlfn.IFS(W65<=1,"Low",W65=2,"Medium",W65>=3,"High")} -> Low
A66: TXN500065 | B66: CC-10005 | C66: 45999 | D66: 15:05 | E66: Mr Price | F66: Clothing | G66: Cape Town | H66: 1842.21 | I66: Card Not Present (Phone) | J66: Approved | L66: =PROPER(TRIM(SUBSTITUTE(_xlfn.XLOOKUP(B66,Cardholders_Reference!A:A,Cardholders_Reference!B:B),","," "))) -> Sanele Fourie | M66: =_xlfn.XLOOKUP(B66,Cardholders_Reference!A:A,Cardholders_Reference!G:G) -> 20000 | N66: =_xlfn.XLOOKUP(B66,Cardholders_Reference!A:A,Cardholders_Reference!D:D) -> Nedbank | O66: =_xlfn.XLOOKUP(B66,Cardholders_Reference!A:A,Cardholders_Reference!E:E) -> Mastercard | P66: =H66/M66 -> 0.0921105 | Q66: =IF(COUNTIFS($B$1:$B$738,B65,$G$1:$G$738,G65)/COUNTIF($B$1:$B$738,B65)<0.5,1,0) -> 0 | R66: =IF(D66="Unknown",1,IF(OR(TIMEVALUE(D66)<TIME(5,0,0),TIMEVALUE(D66)>=TIME(23,0,0)),1,0)) -> 0 | S66: =IF(COUNTIFS($B$1:$B$738,B65,$C$1:$C$738,#REF!)>2,1,0) -> 0 | T66: =IF(P65>0.4,1,0) -> 0 | U66: =IF(OR(F65="Gambling",F65="ATM Withdrawal"),1,0) -> 0 | V66: =IF(OR(I66="Card Not Present (Phone)",I66="Online"),1,0) -> 1 | W66: =SUM(Q66:V66) -> 1 | X66: {=_xlfn.IFS(W66<=1,"Low",W66=2,"Medium",W66>=3,"High")} -> Low
A67: TXN500066 | B67: CC-10005 | C67: 45854 | D67: 12:22 | E67: Avis | F67: Travel | G67: Cape Town | H67: 10964.15 | I67: Online | J67: Approved | L67: =PROPER(TRIM(SUBSTITUTE(_xlfn.XLOOKUP(B67,Cardholders_Reference!A:A,Cardholders_Reference!B:B),","," "))) -> Sanele Fourie | M67: =_xlfn.XLOOKUP(B67,Cardholders_Reference!A:A,Cardholders_Reference!G:G) -> 20000 | N67: =_xlfn.XLOOKUP(B67,Cardholders_Reference!A:A,Cardholders_Reference!D:D) -> Nedbank | O67: =_xlfn.XLOOKUP(B67,Cardholders_Reference!A:A,Cardholders_Reference!E:E) -> Mastercard | P67: =H67/M67 -> 0.5482075 | Q67: =IF(COUNTIFS($B$1:$B$738,B66,$G$1:$G$738,G66)/COUNTIF($B$1:$B$738,B66)<0.5,1,0) -> 0 | R67: =IF(D67="Unknown",1,IF(OR(TIMEVALUE(D67)<TIME(5,0,0),TIMEVALUE(D67)>=TIME(23,0,0)),1,0)) -> 0 | S67: =IF(COUNTIFS($B$1:$B$738,B66,$C$1:$C$738,#REF!)>2,1,0) -> 0 | T67: =IF(P66>0.4,1,0) -> 0 | U67: =IF(OR(F66="Gambling",F66="ATM Withdrawal"),1,0) -> 0 | V67: =IF(OR(I67="Card Not Present (Phone)",I67="Online"),1,0) -> 1 | W67: =SUM(Q67:V67) -> 1 | X67: {=_xlfn.IFS(W67<=1,"Low",W67=2,"Medium",W67>=3,"High")} -> Low
A68: TXN500067 | B68: CC-10005 | C68: 45670 | D68: 10:23 | E68: Spotify | F68: Subscription Services | G68: Cape Town | H68: 277.4 | I68: Card Not Present (Phone) | J68: Approved | K68: chargeback initiated | L68: =PROPER(TRIM(SUBSTITUTE(_xlfn.XLOOKUP(B68,Cardholders_Reference!A:A,Cardholders_Reference!B:B),","," "))) -> Sanele Fourie | M68: =_xlfn.XLOOKUP(B68,Cardholders_Reference!A:A,Cardholders_Reference!G:G) -> 20000 | N68: =_xlfn.XLOOKUP(B68,Cardholders_Reference!A:A,Cardholders_Reference!D:D) -> Nedbank | O68: =_xlfn.XLOOKUP(B68,Cardholders_Reference!A:A,Cardholders_Reference!E:E) -> Mastercard | P68: =H68/M68 -> 0.01387 | Q68: =IF(COUNTIFS($B$1:$B$738,B67,$G$1:$G$738,G67)/COUNTIF($B$1:$B$738,B67)<0.5,1,0) -> 1 | R68: =IF(D68="Unknown",1,IF(OR(TIMEVALUE(D68)<TIME(5,0,0),TIMEVALUE(D68)>=TIME(23,0,0)),1,0)) -> 0 | S68: =IF(COUNTIFS($B$1:$B$738,B67,$C$1:$C$738,#REF!)>2,1,0) -> 0 | T68: =IF(P67>0.4,1,0) -> 1 | U68: =IF(OR(F67="Gambling",F67="ATM Withdrawal"),1,0) -> 0 | V68: =IF(OR(I68="Card Not Present (Phone)",I68="Online"),1,0) -> 1 | W68: =SUM(Q68:V68) -> 3 | X68: {=_xlfn.IFS(W68<=1,"Low",W68=2,"Medium",W68>=3,"High")} -> High
A69: TXN500068 | B69: CC-10005 | C69: 46215 | D69: 16:16 | E69: Edgars | F69: Clothing | G69: Cape Town | H69: 2249.59 | I69: Card Not Present (Phone) | J69: Approved | L69: =PROPER(TRIM(SUBSTITUTE(_xlfn.XLOOKUP(B69,Cardholders_Reference!A:A,Cardholders_Reference!B:B),","," "))) -> Sanele Fourie | M69: =_xlfn.XLOOKUP(B69,Cardholders_Reference!A:A,Cardholders_Reference!G:G) -> 20000 | N69: =_xlfn.XLOOKUP(B69,Cardholders_Reference!A:A,Cardholders_Reference!D:D) -> Nedbank | O69: =_xlfn.XLOOKUP(B69,Cardholders_Reference!A:A,Cardholders_Reference!E:E) -> Mastercard | P69: =H69/M69 -> 0.1124795 | Q69: =IF(COUNTIFS($B$1:$B$738,B68,$G$1:$G$738,G68)/COUNTIF($B$1:$B$738,B68)<0.5,1,0) -> 0 | R69: =IF(D69="Unknown",1,IF(OR(TIMEVALUE(D69)<TIME(5,0,0),TIMEVALUE(D69)>=TIME(23,0,0)),1,0)) -> 0 | S69: =IF(COUNTIFS($B$1:$B$738,B68,$C$1:$C$738,#REF!)>2,1,0) -> 0 | T69: =IF(P68>0.4,1,0) -> 0 | U69: =IF(OR(F68="Gambling",F68="ATM Withdrawal"),1,0) -> 0 | V69: =IF(OR(I69="Card Not Present (Phone)",I69="Online"),1,0) -> 1 | W69: =SUM(Q69:V69) -> 1 | X69: {=_xlfn.IFS(W69<=1,"Low",W69=2,"Medium",W69>=3,"High")} -> Low
A70: TXN500069 | B70: CC-10005 | C70: 46073 | D70: 20:04 | E70: Superbalist | F70: Online Retail | G70: Pretoria | H70: 363.98 | I70: Online | J70: Declined | L70: =PROPER(TRIM(SUBSTITUTE(_xlfn.XLOOKUP(B70,Cardholders_Reference!A:A,Cardholders_Reference!B:B),","," "))) -> Sanele Fourie | M70: =_xlfn.XLOOKUP(B70,Cardholders_Reference!A:A,Cardholders_Reference!G:G) -> 20000 | N70: =_xlfn.XLOOKUP(B70,Cardholders_Reference!A:A,Cardholders_Reference!D:D) -> Nedbank | O70: =_xlfn.XLOOKUP(B70,Cardholders_Reference!A:A,Cardholders_Reference!E:E) -> Mastercard | P70: =H70/M70 -> 0.018199 | Q70: =IF(COUNTIFS($B$1:$B$738,B69,$G$1:$G$738,G69)/COUNTIF($B$1:$B$738,B69)<0.5,1,0) -> 0 | R70: =IF(D70="Unknown",1,IF(OR(TIMEVALUE(D70)<TIME(5,0,0),TIMEVALUE(D70)>=TIME(23,0,0)),1,0)) -> 0 | S70: =IF(COUNTIFS($B$1:$B$738,B69,$C$1:$C$738,#REF!)>2,1,0) -> 0 | T70: =IF(P69>0.4,1,0) -> 0 | U70: =IF(OR(F69="Gambling",F69="ATM Withdrawal"),1,0) -> 0 | V70: =IF(OR(I70="Card Not Present (Phone)",I70="Online"),1,0) -> 1 | W70: =SUM(Q70:V70) -> 1 | X70: {=_xlfn.IFS(W70<=1,"Low",W70=2,"Medium",W70>=3,"High")} -> Low
A71: TXN500070 | B71: CC-10005 | C71: 46239 | D71: 13:17 | E71: Shell | F71: Fuel | G71: Cape Town | H71: 1133.83 | I71: Contactless | J71: Approved | L71: =PROPER(TRIM(SUBSTITUTE(_xlfn.XLOOKUP(B71,Cardholders_Reference!A:A,Cardholders_Reference!B:B),","," "))) -> Sanele Fourie | M71: =_xlfn.XLOOKUP(B71,Cardholders_Reference!A:A,Cardholders_Reference!G:G) -> 20000 | N71: =_xlfn.XLOOKUP(B71,Cardholders_Reference!A:A,Cardholders_Reference!D:D) -> Nedbank | O71: =_xlfn.XLOOKUP(B71,Cardholders_Reference!A:A,Cardholders_Reference!E:E) -> Mastercard | P71: =H71/M71 -> 0.0566915 | Q71: =IF(COUNTIFS($B$1:$B$738,B70,$G$1:$G$738,G70)/COUNTIF($B$1:$B$738,B70)<0.5,1,0) -> 1 | R71: =IF(D71="Unknown",1,IF(OR(TIMEVALUE(D71)<TIME(5,0,0),TIMEVALUE(D71)>=TIME(23,0,0)),1,0)) -> 0 | S71: =IF(COUNTIFS($B$1:$B$738,B70,$C$1:$C$738,#REF!)>2,1,0) -> 0 | T71: =IF(P70>0.4,1,0) -> 0 | U71: =IF(OR(F70="Gambling",F70="ATM Withdrawal"),1,0) -> 0 | V71: =IF(OR(I71="Card Not Present (Phone)",I71="Online"),1,0) -> 0 | W71: =SUM(Q71:V71) -> 1 | X71: {=_xlfn.IFS(W71<=1,"Low",W71=2,"Medium",W71>=3,"High")} -> Low
A72: TXN500071 | B72: CC-10005 | C72: 46237 | D72: 17:16 | E72: Takealot | F72: Online Retail | G72: Cape Town | H72: 3190.16 | I72: Online | J72: Approved | L72: =PROPER(TRIM(SUBSTITUTE(_xlfn.XLOOKUP(B72,Cardholders_Reference!A:A,Cardholders_Reference!B:B),","," "))) -> Sanele Fourie | M72: =_xlfn.XLOOKUP(B72,Cardholders_Reference!A:A,Cardholders_Reference!G:G) -> 20000 | N72: =_xlfn.XLOOKUP(B72,Cardholders_Reference!A:A,Cardholders_Reference!D:D) -> Nedbank | O72: =_xlfn.XLOOKUP(B72,Cardholders_Reference!A:A,Cardholders_Reference!E:E) -> Mastercard | P72: =H72/M72 -> 0.159508 | Q72: =IF(COUNTIFS($B$1:$B$738,B71,$G$1:$G$738,G71)/COUNTIF($B$1:$B$738,B71)<0.5,1,0) -> 0 | R72: =IF(D72="Unknown",1,IF(OR(TIMEVALUE(D72)<TIME(5,0,0),TIMEVALUE(D72)>=TIME(23,0,0)),1,0)) -> 0 | S72: =IF(COUNTIFS($B$1:$B$738,B71,$C$1:$C$738,#REF!)>2,1,0) -> 0 | T72: =IF(P71>0.4,1,0) -> 0 | U72: =IF(OR(F71="Gambling",F71="ATM Withdrawal"),1,0) -> 0 | V72: =IF(OR(I72="Card Not Present (Phone)",I72="Online"),1,0) -> 1 | W72: =SUM(Q72:V72) -> 1 | X72: {=_xlfn.IFS(W72<=1,"Low",W72=2,"Medium",W72>=3,"High")} -> Low
A73: TXN500072 | B73: CC-10005 | C73: 46001 | D73: 20:18 | E73: Superbalist | F73: Online Retail | G73: Cape Town | H73: 1757.55 | I73: Online | J73: Declined | L73: =PROPER(TRIM(SUBSTITUTE(_xlfn.XLOOKUP(B73,Cardholders_Reference!A:A,Cardholders_Reference!B:B),","," "))) -> Sanele Fourie | M73: =_xlfn.XLOOKUP(B73,Cardholders_Reference!A:A,Cardholders_Reference!G:G) -> 20000 | N73: =_xlfn.XLOOKUP(B73,Cardholders_Reference!A:A,Cardholders_Reference!D:D) -> Nedbank | O73: =_xlfn.XLOOKUP(B73,Cardholders_Reference!A:A,Cardholders_Reference!E:E) -> Mastercard | P73: =H73/M73 -> 0.0878775 | Q73: =IF(COUNTIFS($B$1:$B$738,B72,$G$1:$G$738,G72)/COUNTIF($B$1:$B$738,B72)<0.5,1,0) -> 0 | R73: =IF(D73="Unknown",1,IF(OR(TIMEVALUE(D73)<TIME(5,0,0),TIMEVALUE(D73)>=TIME(23,0,0)),1,0)) -> 0 | S73: =IF(COUNTIFS($B$1:$B$738,B72,$C$1:$C$738,#REF!)>2,1,0) -> 0 | T73: =IF(P72>0.4,1,0) -> 0 | U73: =IF(OR(F72="Gambling",F72="ATM Withdrawal"),1,0) -> 0 | V73: =IF(OR(I73="Card Not Present (Phone)",I73="Online"),1,0) -> 1 | W73: =SUM(Q73:V73) -> 1 | X73: {=_xlfn.IFS(W73<=1,"Low",W73=2,"Medium",W73>=3,"High")} -> Low
A74: TXN500073 | B74: CC-10005 | C74: 45934 | D74: 21:32 | E74: Zara | F74: Clothing | G74: Cape Town | H74: 3076.94 | I74: Card Present | J74: Approved | L74: =PROPER(TRIM(SUBSTITUTE(_xlfn.XLOOKUP(B74,Cardholders_Reference!A:A,Cardholders_Reference!B:B),","," "))) -> Sanele Fourie | M74: =_xlfn.XLOOKUP(B74,Cardholders_Reference!A:A,Cardholders_Reference!G:G) -> 20000 | N74: =_xlfn.XLOOKUP(B74,Cardholders_Reference!A:A,Cardholders_Reference!D:D) -> Nedbank | O74: =_xlfn.XLOOKUP(B74,Cardholders_Reference!A:A,Cardholders_Reference!E:E) -> Mastercard | P74: =H74/M74 -> 0.153847 | Q74: =IF(COUNTIFS($B$1:$B$738,B73,$G$1:$G$738,G73)/COUNTIF($B$1:$B$738,B73)<0.5,1,0) -> 0 | R74: =IF(D74="Unknown",1,IF(OR(TIMEVALUE(D74)<TIME(5,0,0),TIMEVALUE(D74)>=TIME(23,0,0)),1,0)) -> 0 | S74: =IF(COUNTIFS($B$1:$B$738,B73,$C$1:$C$738,#REF!)>2,1,0) -> 0 | T74: =IF(P73>0.4,1,0) -> 0 | U74: =IF(OR(F73="Gambling",F73="ATM Withdrawal"),1,0) -> 0 | V74: =IF(OR(I74="Card Not Present (Phone)",I74="Online"),1,0) -> 0 | W74: =SUM(Q74:V74) -> 0 | X74: {=_xlfn.IFS(W74<=1,"Low",W74=2,"Medium",W74>=3,"High")} -> Low
A75: TXN500074 | B75: CC-10005 | C75: 45923 | D75: 15:23 | E75: MTN | F75: Utilities | G75: Cape Town | H75: 1877.56 | I75: Online | J75: Declined | L75: =PROPER(TRIM(SUBSTITUTE(_xlfn.XLOOKUP(B75,Cardholders_Reference!A:A,Cardholders_Reference!B:B),","," "))) -> Sanele Fourie | M75: =_xlfn.XLOOKUP(B75,Cardholders_Reference!A:A,Cardholders_Reference!G:G) -> 20000 | N75: =_xlfn.XLOOKUP(B75,Cardholders_Reference!A:A,Cardholders_Reference!D:D) -> Nedbank | O75: =_xlfn.XLOOKUP(B75,Cardholders_Reference!A:A,Cardholders_Reference!E:E) -> Mastercard | P75: =H75/M75 -> 0.093878 | Q75: =IF(COUNTIFS($B$1:$B$738,B74,$G$1:$G$738,G74)/COUNTIF($B$1:$B$738,B74)<0.5,1,0) -> 0 | R75: =IF(D75="Unknown",1,IF(OR(TIMEVALUE(D75)<TIME(5,0,0),TIMEVALUE(D75)>=TIME(23,0,0)),1,0)) -> 0 | S75: =IF(COUNTIFS($B$1:$B$738,B74,$C$1:$C$738,#REF!)>2,1,0) -> 0 | T75: =IF(P74>0.4,1,0) -> 0 | U75: =IF(OR(F74="Gambling",F74="ATM Withdrawal"),1,0) -> 0 | V75: =IF(OR(I75="Card Not Present (Phone)",I75="Online"),1,0) -> 1 | W75: =SUM(Q75:V75) -> 1 | X75: {=_xlfn.IFS(W75<=1,"Low",W75=2,"Medium",W75>=3,"High")} -> Low
A76: TXN500075 | B76: CC-10005 | C76: 46427 | D76: 12:08 | E76: Total | F76: Fuel | G76: Cape Town | H76: 886.8 | I76: Card Present | J76: Approved | L76: =PROPER(TRIM(SUBSTITUTE(_xlfn.XLOOKUP(B76,Cardholders_Reference!A:A,Cardholders_Reference!B:B),","," "))) -> Sanele Fourie | M76: =_xlfn.XLOOKUP(B76,Cardholders_Reference!A:A,Cardholders_Reference!G:G) -> 20000 | N76: =_xlfn.XLOOKUP(B76,Cardholders_Reference!A:A,Cardholders_Reference!D:D) -> Nedbank | O76: =_xlfn.XLOOKUP(B76,Cardholders_Reference!A:A,Cardholders_Reference!E:E) -> Mastercard | P76: =H76/M76 -> 0.04434 | Q76: =IF(COUNTIFS($B$1:$B$738,B75,$G$1:$G$738,G75)/COUNTIF($B$1:$B$738,B75)<0.5,1,0) -> 0 | R76: =IF(D76="Unknown",1,IF(OR(TIMEVALUE(D76)<TIME(5,0,0),TIMEVALUE(D76)>=TIME(23,0,0)),1,0)) -> 0 | S76: =IF(COUNTIFS($B$1:$B$738,B75,$C$1:$C$738,#REF!)>2,1,0) -> 0 | T76: =IF(P75>0.4,1,0) -> 0 | U76: =IF(OR(F75="Gambling",F75="ATM Withdrawal"),1,0) -> 0 | V76: =IF(OR(I76="Card Not Present (Phone)",I76="Online"),1,0) -> 0 | W76: =SUM(Q76:V76) -> 0 | X76: {=_xlfn.IFS(W76<=1,"Low",W76=2,"Medium",W76>=3,"High")} -> Low
A77: TXN500076 | B77: CC-10006 | C77: 46044 | D77: 11:03 | E77: Engen | F77: Fuel | G77: Cape Town | H77: 620.82 | I77: Card Present | J77: Approved | L77: =PROPER(TRIM(SUBSTITUTE(_xlfn.XLOOKUP(B77,Cardholders_Reference!A:A,Cardholders_Reference!B:B),","," "))) -> Rachel Pretorius | M77: =_xlfn.XLOOKUP(B77,Cardholders_Reference!A:A,Cardholders_Reference!G:G) -> 80000 | N77: =_xlfn.XLOOKUP(B77,Cardholders_Reference!A:A,Cardholders_Reference!D:D) -> FNB | O77: =_xlfn.XLOOKUP(B77,Cardholders_Reference!A:A,Cardholders_Reference!E:E) -> Visa | P77: =H77/M77 -> 0.00776025 | Q77: =IF(COUNTIFS($B$1:$B$738,B76,$G$1:$G$738,G76)/COUNTIF($B$1:$B$738,B76)<0.5,1,0) -> 0 | R77: =IF(D77="Unknown",1,IF(OR(TIMEVALUE(D77)<TIME(5,0,0),TIMEVALUE(D77)>=TIME(23,0,0)),1,0)) -> 0 | S77: =IF(COUNTIFS($B$1:$B$738,B76,$C$1:$C$738,#REF!)>2,1,0) -> 0 | T77: =IF(P76>0.4,1,0) -> 0 | U77: =IF(OR(F76="Gambling",F76="ATM Withdrawal"),1,0) -> 0 | V77: =IF(OR(I77="Card Not Present (Phone)",I77="Online"),1,0) -> 0 | W77: =SUM(Q77:V77) -> 0 | X77: {=_xlfn.IFS(W77<=1,"Low",W77=2,"Medium",W77>=3,"High")} -> Low
A78: TXN500077 | B78: CC-10006 | C78: 45820 | D78: 09:19 | E78: Makro | F78: Electronics | G78: Johannesburg | H78: 13132.78 | I78: Contactless | J78: Approved | L78: =PROPER(TRIM(SUBSTITUTE(_xlfn.XLOOKUP(B78,Cardholders_Reference!A:A,Cardholders_Reference!B:B),","," "))) -> Rachel Pretorius | M78: =_xlfn.XLOOKUP(B78,Cardholders_Reference!A:A,Cardholders_Reference!G:G) -> 80000 | N78: =_xlfn.XLOOKUP(B78,Cardholders_Reference!A:A,Cardholders_Reference!D:D) -> FNB | O78: =_xlfn.XLOOKUP(B78,Cardholders_Reference!A:A,Cardholders_Reference!E:E) -> Visa | P78: =H78/M78 -> 0.16415975 | Q78: =IF(COUNTIFS($B$1:$B$738,B77,$G$1:$G$738,G77)/COUNTIF($B$1:$B$738,B77)<0.5,1,0) -> 1 | R78: =IF(D78="Unknown",1,IF(OR(TIMEVALUE(D78)<TIME(5,0,0),TIMEVALUE(D78)>=TIME(23,0,0)),1,0)) -> 0 | S78: =IF(COUNTIFS($B$1:$B$738,B77,$C$1:$C$738,#REF!)>2,1,0) -> 0 | T78: =IF(P77>0.4,1,0) -> 0 | U78: =IF(OR(F77="Gambling",F77="ATM Withdrawal"),1,0) -> 0 | V78: =IF(OR(I78="Card Not Present (Phone)",I78="Online"),1,0) -> 0 | W78: =SUM(Q78:V78) -> 1 | X78: {=_xlfn.IFS(W78<=1,"Low",W78=2,"Medium",W78>=3,"High")} -> Low
A79: TXN500078 | B79: CC-10006 | C79: 46086 | D79: 12:53 | E79: Woolworths | F79: Grocery | G79: Pretoria | H79: 400.57 | I79: Card Present | J79: Approved | L79: =PROPER(TRIM(SUBSTITUTE(_xlfn.XLOOKUP(B79,Cardholders_Reference!A:A,Cardholders_Reference!B:B),","," "))) -> Rachel Pretorius | M79: =_xlfn.XLOOKUP(B79,Cardholders_Reference!A:A,Cardholders_Reference!G:G) -> 80000 | N79: =_xlfn.XLOOKUP(B79,Cardholders_Reference!A:A,Cardholders_Reference!D:D) -> FNB | O79: =_xlfn.XLOOKUP(B79,Cardholders_Reference!A:A,Cardholders_Reference!E:E) -> Visa | P79: =H79/M79 -> 0.005007125 | Q79: =IF(COUNTIFS($B$1:$B$738,B78,$G$1:$G$738,G78)/COUNTIF($B$1:$B$738,B78)<0.5,1,0) -> 0 | R79: =IF(D79="Unknown",1,IF(OR(TIMEVALUE(D79)<TIME(5,0,0),TIMEVALUE(D79)>=TIME(23,0,0)),1,0)) -> 0 | S79: =IF(COUNTIFS($B$1:$B$738,B78,$C$1:$C$738,#REF!)>2,1,0) -> 0 | T79: =IF(P78>0.4,1,0) -> 0 | U79: =IF(OR(F78="Gambling",F78="ATM Withdrawal"),1,0) -> 0 | V79: =IF(OR(I79="Card Not Present (Phone)",I79="Online"),1,0) -> 0 | W79: =SUM(Q79:V79) -> 0 | X79: {=_xlfn.IFS(W79<=1,"Low",W79=2,"Medium",W79>=3,"High")} -> Low
A80: TXN500079 | B80: CC-10006 | C80: 45732 | D80: 13:23 | E80: Mr Delivery | F80: Restaurant | G80: Johannesburg | H80: 84.06 | I80: Card Not Present (Phone) | J80: Approved | L80: =PROPER(TRIM(SUBSTITUTE(_xlfn.XLOOKUP(B80,Cardholders_Reference!A:A,Cardholders_Reference!B:B),","," "))) -> Rachel Pretorius | M80: =_xlfn.XLOOKUP(B80,Cardholders_Reference!A:A,Cardholders_Reference!G:G) -> 80000 | N80: =_xlfn.XLOOKUP(B80,Cardholders_Reference!A:A,Cardholders_Reference!D:D) -> FNB | O80: =_xlfn.XLOOKUP(B80,Cardholders_Reference!A:A,Cardholders_Reference!E:E) -> Visa | P80: =H80/M80 -> 0.00105075 | Q80: =IF(COUNTIFS($B$1:$B$738,B79,$G$1:$G$738,G79)/COUNTIF($B$1:$B$738,B79)<0.5,1,0) -> 1 | R80: =IF(D80="Unknown",1,IF(OR(TIMEVALUE(D80)<TIME(5,0,0),TIMEVALUE(D80)>=TIME(23,0,0)),1,0)) -> 0 | S80: =IF(COUNTIFS($B$1:$B$738,B79,$C$1:$C$738,#REF!)>2,1,0) -> 0 | T80: =IF(P79>0.4,1,0) -> 0 | U80: =IF(OR(F79="Gambling",F79="ATM Withdrawal"),1,0) -> 0 | V80: =IF(OR(I80="Card Not Present (Phone)",I80="Online"),1,0) -> 1 | W80: =SUM(Q80:V80) -> 2 | X80: {=_xlfn.IFS(W80<=1,"Low",W80=2,"Medium",W80>=3,"High")} -> Medium
... A125: TXN500124 | B125: CC-10010 | C125: 46160 | D125: 09:27 | E125: Nandos | F125: Restaurant | G125: Pretoria | H125: 281.91 | I125: Contactless | J125: Approved | L125: =PROPER(TRIM(SUBSTITUTE(_xlfn.XLOOKUP(B125,Cardholders_Reference!A:A,Cardholders_Reference!B:B),","," "))) -> Bongani Nkosi | M125: =_xlfn.XLOOKUP(B125,Cardholders_Reference!A:A,Cardholders_Reference!G:G) -> 40000 | N125: =_xlfn.XLOOKUP(B125,Cardholders_Reference!A:A,Cardholders_Reference!D:D) -> Capitec | O125: =_xlfn.XLOOKUP(B125,Cardholders_Reference!A:A,Cardholders_Reference!E:E) -> Visa | P125: =H125/M125 -> 0.00704775 | Q125: =IF(COUNTIFS($B$1:$B$738,B124,$G$1:$G$738,G124)/COUNTIF($B$1:$B$738,B124)<0.5,1,0) -> 0 | R125: =IF(D125="Unknown",1,IF(OR(TIMEVALUE(D125)<TIME(5,0,0),TIMEVALUE(D125)>=TIME(23,0,0)),1,0)) -> 0 | S125: =IF(COUNTIFS($B$1:$B$738,B124,$C$1:$C$738,#REF!)>2,1,0) -> 0 | T125: =IF(P124>0.4,1,0) -> 0 | U125: =IF(OR(F124="Gambling",F124="ATM Withdrawal"),1,0) -> 0 | V125: =IF(OR(I125="Card Not Present (Phone)",I125="Online"),1,0) -> 0 | W125: =SUM(Q125:V125) -> 0 | X125: {=_xlfn.IFS(W125<=1,"Low",W125=2,"Medium",W125>=3,"High")} -> Low
A126: TXN500125 | B126: CC-10010 | C126: 46026 | D126: 09:08 | E126: Showmax | F126: Subscription Services | G126: Pretoria | H126: 197.1 | I126: Online | J126: Declined | K126: chargeback initiated | L126: =PROPER(TRIM(SUBSTITUTE(_xlfn.XLOOKUP(B126,Cardholders_Reference!A:A,Cardholders_Reference!B:B),","," "))) -> Bongani Nkosi | M126: =_xlfn.XLOOKUP(B126,Cardholders_Reference!A:A,Cardholders_Reference!G:G) -> 40000 | N126: =_xlfn.XLOOKUP(B126,Cardholders_Reference!A:A,Cardholders_Reference!D:D) -> Capitec | O126: =_xlfn.XLOOKUP(B126,Cardholders_Reference!A:A,Cardholders_Reference!E:E) -> Visa | P126: =H126/M126 -> 0.0049275 | Q126: =IF(COUNTIFS($B$1:$B$738,B125,$G$1:$G$738,G125)/COUNTIF($B$1:$B$738,B125)<0.5,1,0) -> 1 | R126: =IF(D126="Unknown",1,IF(OR(TIMEVALUE(D126)<TIME(5,0,0),TIMEVALUE(D126)>=TIME(23,0,0)),1,0)) -> 0 | S126: =IF(COUNTIFS($B$1:$B$738,B125,$C$1:$C$738,#REF!)>2,1,0) -> 0 | T126: =IF(P125>0.4,1,0) -> 0 | U126: =IF(OR(F125="Gambling",F125="ATM Withdrawal"),1,0) -> 0 | V126: =IF(OR(I126="Card Not Present (Phone)",I126="Online"),1,0) -> 1 | W126: =SUM(Q126:V126) -> 2 | X126: {=_xlfn.IFS(W126<=1,"Low",W126=2,"Medium",W126>=3,"High")} -> Medium
A127: TXN500126 | B127: CC-10010 | C127: 45967 | D127: 09:49 | E127: Mugg & Bean | F127: Restaurant | G127: Pretoria | H127: 575.36 | I127: Card Present | J127: Approved | L127: =PROPER(TRIM(SUBSTITUTE(_xlfn.XLOOKUP(B127,Cardholders_Reference!A:A,Cardholders_Reference!B:B),","," "))) -> Bongani Nkosi | M127: =_xlfn.XLOOKUP(B127,Cardholders_Reference!A:A,Cardholders_Reference!G:G) -> 40000 | N127: =_xlfn.XLOOKUP(B127,Cardholders_Reference!A:A,Cardholders_Reference!D:D) -> Capitec | O127: =_xlfn.XLOOKUP(B127,Cardholders_Reference!A:A,Cardholders_Reference!E:E) -> Visa | P127: =H127/M127 -> 0.014384 | Q127: =IF(COUNTIFS($B$1:$B$738,B126,$G$1:$G$738,G126)/COUNTIF($B$1:$B$738,B126)<0.5,1,0) -> 1 | R127: =IF(D127="Unknown",1,IF(OR(TIMEVALUE(D127)<TIME(5,0,0),TIMEVALUE(D127)>=TIME(23,0,0)),1,0)) -> 0 | S127: =IF(COUNTIFS($B$1:$B$738,B126,$C$1:$C$738,#REF!)>2,1,0) -> 0 | T127: =IF(P126>0.4,1,0) -> 0 | U127: =IF(OR(F126="Gambling",F126="ATM Withdrawal"),1,0) -> 0 | V127: =IF(OR(I127="Card Not Present (Phone)",I127="Online"),1,0) -> 0 | W127: =SUM(Q127:V127) -> 1 | X127: {=_xlfn.IFS(W127<=1,"Low",W127=2,"Medium",W127>=3,"High")} -> Low
A128: TXN500127 | B128: CC-10010 | C128: 45717 | D128: Unknown | E128: DSTV | F128: Subscription Services | G128: Cape Town | H128: 225.21 | I128: Online | J128: Approved | L128: =PROPER(TRIM(SUBSTITUTE(_xlfn.XLOOKUP(B128,Cardholders_Reference!A:A,Cardholders_Reference!B:B),","," "))) -> Bongani Nkosi | M128: =_xlfn.XLOOKUP(B128,Cardholders_Reference!A:A,Cardholders_Reference!G:G) -> 40000 | N128: =_xlfn.XLOOKUP(B128,Cardholders_Reference!A:A,Cardholders_Reference!D:D) -> Capitec | O128: =_xlfn.XLOOKUP(B128,Cardholders_Reference!A:A,Cardholders_Reference!E:E) -> Visa | P128: =H128/M128 -> 0.00563025 | Q128: =IF(COUNTIFS($B$1:$B$738,B127,$G$1:$G$738,G127)/COUNTIF($B$1:$B$738,B127)<0.5,1,0) -> 0 | R128: =IF(D128="Unknown",1,IF(OR(TIMEVALUE(D128)<TIME(5,0,0),TIMEVALUE(D128)>=TIME(23,0,0)),1,0)) -> 1 | S128: =IF(COUNTIFS($B$1:$B$738,B127,$C$1:$C$738,#REF!)>2,1,0) -> 0 | T128: =IF(P127>0.4,1,0) -> 0 | U128: =IF(OR(F127="Gambling",F127="ATM Withdrawal"),1,0) -> 0 | V128: =IF(OR(I128="Card Not Present (Phone)",I128="Online"),1,0) -> 1 | W128: =SUM(Q128:V128) -> 2 | X128: {=_xlfn.IFS(W128<=1,"Low",W128=2,"Medium",W128>=3,"High")} -> Medium
A129: TXN500128 | B129: CC-10010 | C129: 46008 | D129: 17:33 | E129: South African Airways | F129: Travel | G129: Pretoria | H129: 2767.86 | I129: Online | J129: Approved | L129: =PROPER(TRIM(SUBSTITUTE(_xlfn.XLOOKUP(B129,Cardholders_Reference!A:A,Cardholders_Reference!B:B),","," "))) -> Bongani Nkosi | M129: =_xlfn.XLOOKUP(B129,Cardholders_Reference!A:A,Cardholders_Reference!G:G) -> 40000 | N129: =_xlfn.XLOOKUP(B129,Cardholders_Reference!A:A,Cardholders_Reference!D:D) -> Capitec | O129: =_xlfn.XLOOKUP(B129,Cardholders_Reference!A:A,Cardholders_Reference!E:E) -> Visa | P129: =H129/M129 -> 0.0691965 | Q129: =IF(COUNTIFS($B$1:$B$738,B128,$G$1:$G$738,G128)/COUNTIF($B$1:$B$738,B128)<0.5,1,0) -> 1 | R129: =IF(D129="Unknown",1,IF(OR(TIMEVALUE(D129)<TIME(5,0,0),TIMEVALUE(D129)>=TIME(23,0,0)),1,0)) -> 0 | S129: =IF(COUNTIFS($B$1:$B$738,B128,$C$1:$C$738,#REF!)>2,1,0) -> 0 | T129: =IF(P128>0.4,1,0) -> 0 | U129: =IF(OR(F128="Gambling",F128="ATM Withdrawal"),1,0) -> 0 | V129: =IF(OR(I129="Card Not Present (Phone)",I129="Online"),1,0) -> 1 | W129: =SUM(Q129:V129) -> 2 | X129: {=_xlfn.IFS(W129<=1,"Low",W129=2,"Medium",W129>=3,"High")} -> Medium
A130: TXN500129 | B130: CC-10010 | C130: 45816 | D130: 15:38 | E130: KFC | F130: Restaurant | G130: Pretoria | H130: 185.18 | I130: Online | J130: Approved | L130: =PROPER(TRIM(SUBSTITUTE(_xlfn.XLOOKUP(B130,Cardholders_Reference!A:A,Cardholders_Reference!B:B),","," "))) -> Bongani Nkosi | M130: =_xlfn.XLOOKUP(B130,Cardholders_Reference!A:A,Cardholders_Reference!G:G) -> 40000 | N130: =_xlfn.XLOOKUP(B130,Cardholders_Reference!A:A,Cardholders_Reference!D:D) -> Capitec | O130: =_xlfn.XLOOKUP(B130,Cardholders_Reference!A:A,Cardholders_Reference!E:E) -> Visa | P130: =H130/M130 -> 0.0046295 | Q130: =IF(COUNTIFS($B$1:$B$738,B129,$G$1:$G$738,G129)/COUNTIF($B$1:$B$738,B129)<0.5,1,0) -> 0 | R130: =IF(D130="Unknown",1,IF(OR(TIMEVALUE(D130)<TIME(5,0,0),TIMEVALUE(D130)>=TIME(23,0,0)),1,0)) -> 0 | S130: =IF(COUNTIFS($B$1:$B$738,B129,$C$1:$C$738,#REF!)>2,1,0) -> 0 | T130: =IF(P129>0.4,1,0) -> 0 | U130: =IF(OR(F129="Gambling",F129="ATM Withdrawal"),1,0) -> 0 | V130: =IF(OR(I130="Card Not Present (Phone)",I130="Online"),1,0) -> 1 | W130: =SUM(Q130:V130) -> 1 | X130: {=_xlfn.IFS(W130<=1,"Low",W130=2,"Medium",W130>=3,"High")} -> Low
A131: TXN500130 | B131: CC-10010 | C131: 45714 | D131: 14:34 | E131: Spar | F131: Grocery | G131: Pretoria | H131: 224.12 | I131: Online | J131: Approved | L131: =PROPER(TRIM(SUBSTITUTE(_xlfn.XLOOKUP(B131,Cardholders_Reference!A:A,Cardholders_Reference!B:B),","," "))) -> Bongani Nkosi | M131: =_xlfn.XLOOKUP(B131,Cardholders_Reference!A:A,Cardholders_Reference!G:G) -> 40000 | N131: =_xlfn.XLOOKUP(B131,Cardholders_Reference!A:A,Cardholders_Reference!D:D) -> Capitec | O131: =_xlfn.XLOOKUP(B131,Cardholders_Reference!A:A,Cardholders_Reference!E:E) -> Visa | P131: =H131/M131 -> 0.005603 | Q131: =IF(COUNTIFS($B$1:$B$738,B130,$G$1:$G$738,G130)/COUNTIF($B$1:$B$738,B130)<0.5,1,0) -> 0 | R131: =IF(D131="Unknown",1,IF(OR(TIMEVALUE(D131)<TIME(5,0,0),TIMEVALUE(D131)>=TIME(23,0,0)),1,0)) -> 0 | S131: =IF(COUNTIFS($B$1:$B$738,B130,$C$1:$C$738,#REF!)>2,1,0) -> 0 | T131: =IF(P130>0.4,1,0) -> 0 | U131: =IF(OR(F130="Gambling",F130="ATM Withdrawal"),1,0) -> 0 | V131: =IF(OR(I131="Card Not Present (Phone)",I131="Online"),1,0) -> 1 | W131: =SUM(Q131:V131) -> 1 | X131: {=_xlfn.IFS(W131<=1,"Low",W131=2,"Medium",W131>=3,"High")} -> Low
A132: TXN500131 | B132: CC-10010 | C132: 45791 | D132: 14:21 | E132: Betway | F132: Gambling | G132: Pretoria | H132: 2854.98 | I132: Card Present | J132: Approved | L132: =PROPER(TRIM(SUBSTITUTE(_xlfn.XLOOKUP(B132,Cardholders_Reference!A:A,Cardholders_Reference!B:B),","," "))) -> Bongani Nkosi | M132: =_xlfn.XLOOKUP(B132,Cardholders_Reference!A:A,Cardholders_Reference!G:G) -> 40000 | N132: =_xlfn.XLOOKUP(B132,Cardholders_Reference!A:A,Cardholders_Reference!D:D) -> Capitec | O132: =_xlfn.XLOOKUP(B132,Cardholders_Reference!A:A,Cardholders_Reference!E:E) -> Visa | P132: =H132/M132 -> 0.0713745 | Q132: =IF(COUNTIFS($B$1:$B$738,B131,$G$1:$G$738,G131)/COUNTIF($B$1:$B$738,B131)<0.5,1,0) -> 0 | R132: =IF(D132="Unknown",1,IF(OR(TIMEVALUE(D132)<TIME(5,0,0),TIMEVALUE(D132)>=TIME(23,0,0)),1,0)) -> 0 | S132: =IF(COUNTIFS($B$1:$B$738,B131,$C$1:$C$738,#REF!)>2,1,0) -> 0 | T132: =IF(P131>0.4,1,0) -> 0 | U132: =IF(OR(F131="Gambling",F131="ATM Withdrawal"),1,0) -> 0 | V132: =IF(OR(I132="Card Not Present (Phone)",I132="Online"),1,0) -> 0 | W132: =SUM(Q132:V132) -> 0 | X132: {=_xlfn.IFS(W132<=1,"Low",W132=2,"Medium",W132>=3,"High")} -> Low
A133: TXN500132 | B133: CC-10011 | C133: 45813 | D133: 09:13 | E133: BP | F133: Fuel | G133: Durban | H133: 424.7 | I133: Online | J133: Approved | L133: =PROPER(TRIM(SUBSTITUTE(_xlfn.XLOOKUP(B133,Cardholders_Reference!A:A,Cardholders_Reference!B:B),","," "))) -> Thabo Dlamini | M133: =_xlfn.XLOOKUP(B133,Cardholders_Reference!A:A,Cardholders_Reference!G:G) -> 80000 | N133: =_xlfn.XLOOKUP(B133,Cardholders_Reference!A:A,Cardholders_Reference!D:D) -> Capitec | O133: =_xlfn.XLOOKUP(B133,Cardholders_Reference!A:A,Cardholders_Reference!E:E) -> Visa | P133: =H133/M133 -> 0.00530875 | Q133: =IF(COUNTIFS($B$1:$B$738,B132,$G$1:$G$738,G132)/COUNTIF($B$1:$B$738,B132)<0.5,1,0) -> 0 | R133: =IF(D133="Unknown",1,IF(OR(TIMEVALUE(D133)<TIME(5,0,0),TIMEVALUE(D133)>=TIME(23,0,0)),1,0)) -> 0 | S133: =IF(COUNTIFS($B$1:$B$738,B132,$C$1:$C$738,#REF!)>2,1,0) -> 0 | T133: =IF(P132>0.4,1,0) -> 0 | U133: =IF(OR(F132="Gambling",F132="ATM Withdrawal"),1,0) -> 1 | V133: =IF(OR(I133="Card Not Present (Phone)",I133="Online"),1,0) -> 1 | W133: =SUM(Q133:V133) -> 2 | X133: {=_xlfn.IFS(W133<=1,"Low",W133=2,"Medium",W133>=3,"High")} -> Medium
A134: TXN500133 | B134: CC-10011 | C134: 45897 | D134: 21:23 | E134: Takealot | F134: Online Retail | G134: Cape Town | H134: 4428.97 | I134: Card Not Present (Phone) | J134: Approved | L134: =PROPER(TRIM(SUBSTITUTE(_xlfn.XLOOKUP(B134,Cardholders_Reference!A:A,Cardholders_Reference!B:B),","," "))) -> Thabo Dlamini | M134: =_xlfn.XLOOKUP(B134,Cardholders_Reference!A:A,Cardholders_Reference!G:G) -> 80000 | N134: =_xlfn.XLOOKUP(B134,Cardholders_Reference!A:A,Cardholders_Reference!D:D) -> Capitec | O134: =_xlfn.XLOOKUP(B134,Cardholders_Reference!A:A,Cardholders_Reference!E:E) -> Visa | P134: =H134/M134 -> 0.055362125 | Q134: =IF(COUNTIFS($B$1:$B$738,B133,$G$1:$G$738,G133)/COUNTIF($B$1:$B$738,B133)<0.5,1,0) -> 1 | R134: =IF(D134="Unknown",1,IF(OR(TIMEVALUE(D134)<TIME(5,0,0),TIMEVALUE(D134)>=TIME(23,0,0)),1,0)) -> 0 | S134: =IF(COUNTIFS($B$1:$B$738,B133,$C$1:$C$738,#REF!)>2,1,0) -> 0 | T134: =IF(P133>0.4,1,0) -> 0 | U134: =IF(OR(F133="Gambling",F133="ATM Withdrawal"),1,0) -> 0 | V134: =IF(OR(I134="Card Not Present (Phone)",I134="Online"),1,0) -> 1 | W134: =SUM(Q134:V134) -> 2 | X134: {=_xlfn.IFS(W134<=1,"Low",W134=2,"Medium",W134>=3,"High")} -> Medium
A135: TXN500134 | B135: CC-10011 | C135: 46512 | D135: 21:48 | E135: Truworths | F135: Clothing | G135: Johannesburg | H135: 303.67 | I135: Card Not Present (Phone) | J135: Declined | L135: =PROPER(TRIM(SUBSTITUTE(_xlfn.XLOOKUP(B135,Cardholders_Reference!A:A,Cardholders_Reference!B:B),","," "))) -> Thabo Dlamini | M135: =_xlfn.XLOOKUP(B135,Cardholders_Reference!A:A,Cardholders_Reference!G:G) -> 80000 | N135: =_xlfn.XLOOKUP(B135,Cardholders_Reference!A:A,Cardholders_Reference!D:D) -> Capitec | O135: =_xlfn.XLOOKUP(B135,Cardholders_Reference!A:A,Cardholders_Reference!E:E) -> Visa | P135: =H135/M135 -> 0.003795875 | Q135: =IF(COUNTIFS($B$1:$B$738,B134,$G$1:$G$738,G134)/COUNTIF($B$1:$B$738,B134)<0.5,1,0) -> 0 | R135: =IF(D135="Unknown",1,IF(OR(TIMEVALUE(D135)<TIME(5,0,0),TIMEVALUE(D135)>=TIME(23,0,0)),1,0)) -> 0 | S135: =IF(COUNTIFS($B$1:$B$738,B134,$C$1:$C$738,#REF!)>2,1,0) -> 0 | T135: =IF(P134>0.4,1,0) -> 0 | U135: =IF(OR(F134="Gambling",F134="ATM Withdrawal"),1,0) -> 0 | V135: =IF(OR(I135="Card Not Present (Phone)",I135="Online"),1,0) -> 1 | W135: =SUM(Q135:V135) -> 1 | X135: {=_xlfn.IFS(W135<=1,"Low",W135=2,"Medium",W135>=3,"High")} -> Low
A136: TXN500135 | B136: CC-10011 | C136: 45946 | D136: 21:22 | E136: Capitec ATM | F136: ATM Withdrawal | G136: Cape Town | H136: 612.68 | I136: Contactless | J136: Approved | L136: =PROPER(TRIM(SUBSTITUTE(_xlfn.XLOOKUP(B136,Cardholders_Reference!A:A,Cardholders_Reference!B:B),","," "))) -> Thabo Dlamini | M136: =_xlfn.XLOOKUP(B136,Cardholders_Reference!A:A,Cardholders_Reference!G:G) -> 80000 | N136: =_xlfn.XLOOKUP(B136,Cardholders_Reference!A:A,Cardholders_Reference!D:D) -> Capitec | O136: =_xlfn.XLOOKUP(B136,Cardholders_Reference!A:A,Cardholders_Reference!E:E) -> Visa | P136: =H136/M136 -> 0.0076585 | Q136: =IF(COUNTIFS($B$1:$B$738,B135,$G$1:$G$738,G135)/COUNTIF($B$1:$B$738,B135)<0.5,1,0) -> 1 | R136: =IF(D136="Unknown",1,IF(OR(TIMEVALUE(D136)<TIME(5,0,0),TIMEVALUE(D136)>=TIME(23,0,0)),1,0)) -> 0 | S136: =IF(COUNTIFS($B$1:$B$738,B135,$C$1:$C$738,#REF!)>2,1,0) -> 0 | T136: =IF(P135>0.4,1,0) -> 0 | U136: =IF(OR(F135="Gambling",F135="ATM Withdrawal"),1,0) -> 0 | V136: =IF(OR(I136="Card Not Present (Phone)",I136="Online"),1,0) -> 0 | W136: =SUM(Q136:V136) -> 1 | X136: {=_xlfn.IFS(W136<=1,"Low",W136=2,"Medium",W136>=3,"High")} -> Low
A137: TXN500136 | B137: CC-10011 | C137: 45810 | D137: 12:25 | E137: Vodacom | F137: Utilities | G137: Johannesburg | H137: 1019.35 | I137: Contactless | J137: Declined | K137: chargeback initiated | L137: =PROPER(TRIM(SUBSTITUTE(_xlfn.XLOOKUP(B137,Cardholders_Reference!A:A,Cardholders_Reference!B:B),","," "))) -> Thabo Dlamini | M137: =_xlfn.XLOOKUP(B137,Cardholders_Reference!A:A,Cardholders_Reference!G:G) -> 80000 | N137: =_xlfn.XLOOKUP(B137,Cardholders_Reference!A:A,Cardholders_Reference!D:D) -> Capitec | O137: =_xlfn.XLOOKUP(B137,Cardholders_Reference!A:A,Cardholders_Reference!E:E) -> Visa | P137: =H137/M137 -> 0.012741875 | Q137: =IF(COUNTIFS($B$1:$B$738,B136,$G$1:$G$738,G136)/COUNTIF($B$1:$B$738,B136)<0.5,1,0) -> 0 | R137: =IF(D137="Unknown",1,IF(OR(TIMEVALUE(D137)<TIME(5,0,0),TIMEVALUE(D137)>=TIME(23,0,0)),1,0)) -> 0 | S137: =IF(COUNTIFS($B$1:$B$738,B136,$C$1:$C$738,#REF!)>2,1,0) -> 0 | T137: =IF(P136>0.4,1,0) -> 0 | U137: =IF(OR(F136="Gambling",F136="ATM Withdrawal"),1,0) -> 1 | V137: =IF(OR(I137="Card Not Present (Phone)",I137="Online"),1,0) -> 0 | W137: =SUM(Q137:V137) -> 1 | X137: {=_xlfn.IFS(W137<=1,"Low",W137=2,"Medium",W137>=3,"High")} -> Low
A138: TXN500137 | B138: CC-10011 | C138: 45699 | D138: 15:54 | E138: ABSA ATM | F138: ATM Withdrawal | G138: Cape Town | H138: 1946.95 | I138: Card Not Present (Phone) | J138: Approved | L138: =PROPER(TRIM(SUBSTITUTE(_xlfn.XLOOKUP(B138,Cardholders_Reference!A:A,Cardholders_Reference!B:B),","," "))) -> Thabo Dlamini | M138: =_xlfn.XLOOKUP(B138,Cardholders_Reference!A:A,Cardholders_Reference!G:G) -> 80000 | N138: =_xlfn.XLOOKUP(B138,Cardholders_Reference!A:A,Cardholders_Reference!D:D) -> Capitec | O138: =_xlfn.XLOOKUP(B138,Cardholders_Reference!A:A,Cardholders_Reference!E:E) -> Visa | P138: =H138/M138 -> 0.024336875 | Q138: =IF(COUNTIFS($B$1:$B$738,B137,$G$1:$G$738,G137)/COUNTIF($B$1:$B$738,B137)<0.5,1,0) -> 1 | R138: =IF(D138="Unknown",1,IF(OR(TIMEVALUE(D138)<TIME(5,0,0),TIMEVALUE(D138)>=TIME(23,0,0)),1,0)) -> 0 | S138: =IF(COUNTIFS($B$1:$B$738,B137,$C$1:$C$738,#REF!)>2,1,0) -> 0 | T138: =IF(P137>0.4,1,0) -> 0 | U138: =IF(OR(F137="Gambling",F137="ATM Withdrawal"),1,0) -> 0 | V138: =IF(OR(I138="Card Not Present (Phone)",I138="Online"),1,0) -> 1 | W138: =SUM(Q138:V138) -> 2 | X138: {=_xlfn.IFS(W138<=1,"Low",W138=2,"Medium",W138>=3,"High")} -> Medium
A139: TXN500138 | B139: CC-10011 | C139: 46071 | D139: 21:16 | E139: Superbalist | F139: Online Retail | G139: Cape Town | H139: 2213.96 | I139: Card Not Present (Phone) | J139: Approved | L139: =PROPER(TRIM(SUBSTITUTE(_xlfn.XLOOKUP(B139,Cardholders_Reference!A:A,Cardholders_Reference!B:B),","," "))) -> Thabo Dlamini | M139: =_xlfn.XLOOKUP(B139,Cardholders_Reference!A:A,Cardholders_Reference!G:G) -> 80000 | N139: =_xlfn.XLOOKUP(B139,Cardholders_Reference!A:A,Cardholders_Reference!D:D) -> Capitec | O139: =_xlfn.XLOOKUP(B139,Cardholders_Reference!A:A,Cardholders_Reference!E:E) -> Visa | P139: =H139/M139 -> 0.0276745 | Q139: =IF(COUNTIFS($B$1:$B$738,B138,$G$1:$G$738,G138)/COUNTIF($B$1:$B$738,B138)<0.5,1,0) -> 1 | R139: =IF(D139="Unknown",1,IF(OR(TIMEVALUE(D139)<TIME(5,0,0),TIMEVALUE(D139)>=TIME(23,0,0)),1,0)) -> 0 | S139: =IF(COUNTIFS($B$1:$B$738,B138,$C$1:$C$738,#REF!)>2,1,0) -> 0 | T139: =IF(P138>0.4,1,0) -> 0 | U139: =IF(OR(F138="Gambling",F138="ATM Withdrawal"),1,0) -> 1 | V139: =IF(OR(I139="Card Not Present (Phone)",I139="Online"),1,0) -> 1 | W139: =SUM(Q139:V139) -> 3 | X139: {=_xlfn.IFS(W139<=1,"Low",W139=2,"Medium",W139>=3,"High")} -> High
A140: TXN500139 | B140: CC-10011 | C140: 45971 | D140: 10:40 | E140: Booking.com | F140: Travel | G140: Cape Town | H140: 6368.91 | I140: Contactless | J140: Approved | L140: =PROPER(TRIM(SUBSTITUTE(_xlfn.XLOOKUP(B140,Cardholders_Reference!A:A,Cardholders_Reference!B:B),","," "))) -> Thabo Dlamini | M140: =_xlfn.XLOOKUP(B140,Cardholders_Reference!A:A,Cardholders_Reference!G:G) -> 80000 | N140: =_xlfn.XLOOKUP(B140,Cardholders_Reference!A:A,Cardholders_Reference!D:D) -> Capitec | O140: =_xlfn.XLOOKUP(B140,Cardholders_Reference!A:A,Cardholders_Reference!E:E) -> Visa | P140: =H140/M140 -> 0.079611375 | Q140: =IF(COUNTIFS($B$1:$B$738,B139,$G$1:$G$738,G139)/COUNTIF($B$1:$B$738,B139)<0.5,1,0) -> 0 | R140: =IF(D140="Unknown",1,IF(OR(TIMEVALUE(D140)<TIME(5,0,0),TIMEVALUE(D140)>=TIME(23,0,0)),1,0)) -> 0 | S140: =IF(COUNTIFS($B$1:$B$738,B139,$C$1:$C$738,#REF!)>2,1,0) -> 0 | T140: =IF(P139>0.4,1,0) -> 0 | U140: =IF(OR(F139="Gambling",F139="ATM Withdrawal"),1,0) -> 0 | V140: =IF(OR(I140="Card Not Present (Phone)",I140="Online"),1,0) -> 0 | W140: =SUM(Q140:V140) -> 0 | X140: {=_xlfn.IFS(W140<=1,"Low",W140=2,"Medium",W140>=3,"High")} -> Low
A141: TXN500140 | B141: CC-10011 | C141: 46083 | D141: 09:20 | E141: Uber Eats | F141: Restaurant | G141: Cape Town | H141: 632.97 | I141: Card Not Present (Phone) | J141: Declined | L141: =PROPER(TRIM(SUBSTITUTE(_xlfn.XLOOKUP(B141,Cardholders_Reference!A:A,Cardholders_Reference!B:B),","," "))) -> Thabo Dlamini | M141: =_xlfn.XLOOKUP(B141,Cardholders_Reference!A:A,Cardholders_Reference!G:G) -> 80000 | N141: =_xlfn.XLOOKUP(B141,Cardholders_Reference!A:A,Cardholders_Reference!D:D) -> Capitec | O141: =_xlfn.XLOOKUP(B141,Cardholders_Reference!A:A,Cardholders_Reference!E:E) -> Visa | P141: =H141/M141 -> 0.007912125 | Q141: =IF(COUNTIFS($B$1:$B$738,B140,$G$1:$G$738,G140)/COUNTIF($B$1:$B$738,B140)<0.5,1,0) -> 0 | R141: =IF(D141="Unknown",1,IF(OR(TIMEVALUE(D141)<TIME(5,0,0),TIMEVALUE(D141)>=TIME(23,0,0)),1,0)) -> 0 | S141: =IF(COUNTIFS($B$1:$B$738,B140,$C$1:$C$738,#REF!)>2,1,0) -> 0 | T141: =IF(P140>0.4,1,0) -> 0 | U141: =IF(OR(F140="Gambling",F140="ATM Withdrawal"),1,0) -> 0 | V141: =IF(OR(I141="Card Not Present (Phone)",I141="Online"),1,0) -> 1 | W141: =SUM(Q141:V141) -> 1 | X141: {=_xlfn.IFS(W141<=1,"Low",W141=2,"Medium",W141>=3,"High")} -> Low
A142: TXN500141 | B142: CC-10011 | C142: 46048 | D142: 08:16 | E142: Total | F142: Fuel | G142: Cape Town | H142: 799.66 | I142: Card Present | J142: Approved | L142: =PROPER(TRIM(SUBSTITUTE(_xlfn.XLOOKUP(B142,Cardholders_Reference!A:A,Cardholders_Reference!B:B),","," "))) -> Thabo Dlamini | M142: =_xlfn.XLOOKUP(B142,Cardholders_Reference!A:A,Cardholders_Reference!G:G) -> 80000 | N142: =_xlfn.XLOOKUP(B142,Cardholders_Reference!A:A,Cardholders_Reference!D:D) -> Capitec | O142: =_xlfn.XLOOKUP(B142,Cardholders_Reference!A:A,Cardholders_Reference!E:E) -> Visa | P142: =H142/M142 -> 0.00999575 | Q142: =IF(COUNTIFS($B$1:$B$738,B141,$G$1:$G$738,G141)/COUNTIF($B$1:$B$738,B141)<0.5,1,0) -> 0 | R142: =IF(D142="Unknown",1,IF(OR(TIMEVALUE(D142)<TIME(5,0,0),TIMEVALUE(D142)>=TIME(23,0,0)),1,0)) -> 0 | S142: =IF(COUNTIFS($B$1:$B$738,B141,$C$1:$C$738,#REF!)>2,1,0) -> 0 | T142: =IF(P141>0.4,1,0) -> 0 | U142: =IF(OR(F141="Gambling",F141="ATM Withdrawal"),1,0) -> 0 | V142: =IF(OR(I142="Card Not Present (Phone)",I142="Online"),1,0) -> 0 | W142: =SUM(Q142:V142) -> 0 | X142: {=_xlfn.IFS(W142<=1,"Low",W142=2,"Medium",W142>=3,"High")} -> Low
A143: TXN500142 | B143: CC-10011 | C143: 46331 | D143: 13:41 | E143: BP | F143: Fuel | G143: Cape Town | H143: 916.61 | I143: Card Not Present (Phone) | J143: Approved | L143: =PROPER(TRIM(SUBSTITUTE(_xlfn.XLOOKUP(B143,Cardholders_Reference!A:A,Cardholders_Reference!B:B),","," "))) -> Thabo Dlamini | M143: =_xlfn.XLOOKUP(B143,Cardholders_Reference!A:A,Cardholders_Reference!G:G) -> 80000 | N143: =_xlfn.XLOOKUP(B143,Cardholders_Reference!A:A,Cardholders_Reference!D:D) -> Capitec | O143: =_xlfn.XLOOKUP(B143,Cardholders_Reference!A:A,Cardholders_Reference!E:E) -> Visa | P143: =H143/M143 -> 0.011457625 | Q143: =IF(COUNTIFS($B$1:$B$738,B142,$G$1:$G$738,G142)/COUNTIF($B$1:$B$738,B142)<0.5,1,0) -> 1 | R143: =IF(D143="Unknown",1,IF(OR(TIMEVALUE(D143)<TIME(5,0,0),TIMEVALUE(D143)>=TIME(23,0,0)),1,0)) -> 0 | S143: =IF(COUNTIFS($B$1:$B$738,B142,$C$1:$C$738,#REF!)>2,1,0) -> 0 | T143: =IF(P142>0.4,1,0) -> 0 | U143: =IF(OR(F142="Gambling",F142="ATM Withdrawal"),1,0) -> 0 | V143: =IF(OR(I143="Card Not Present (Phone)",I143="Online"),1,0) -> 1 | W143: =SUM(Q143:V143) -> 2 | X143: {=_xlfn.IFS(W143<=1,"Low",W143=2,"Medium",W143>=3,"High")} -> Medium
A144: TXN500143 | B144: CC-10011 | C144: 45714 | D144: 07:32 | E144: South African Airways | F144: Travel | G144: Cape Town | H144: 11244.01 | I144: Card Present | J144: Approved | L144: =PROPER(TRIM(SUBSTITUTE(_xlfn.XLOOKUP(B144,Cardholders_Reference!A:A,Cardholders_Reference!B:B),","," "))) -> Thabo Dlamini | M144: =_xlfn.XLOOKUP(B144,Cardholders_Reference!A:A,Cardholders_Reference!G:G) -> 80000 | N144: =_xlfn.XLOOKUP(B144,Cardholders_Reference!A:A,Cardholders_Reference!D:D) -> Capitec | O144: =_xlfn.XLOOKUP(B144,Cardholders_Reference!A:A,Cardholders_Reference!E:E) -> Visa | P144: =H144/M144 -> 0.14055012 | Q144: =IF(COUNTIFS($B$1:$B$738,B143,$G$1:$G$738,G143)/COUNTIF($B$1:$B$738,B143)<0.5,1,0) -> 0 | R144: =IF(D144="Unknown",1,IF(OR(TIMEVALUE(D144)<TIME(5,0,0),TIMEVALUE(D144)>=TIME(23,0,0)),1,0)) -> 0 | S144: =IF(COUNTIFS($B$1:$B$738,B143,$C$1:$C$738,#REF!)>2,1,0) -> 0 | T144: =IF(P143>0.4,1,0) -> 0 | U144: =IF(OR(F143="Gambling",F143="ATM Withdrawal"),1,0) -> 0 | V144: =IF(OR(I144="Card Not Present (Phone)",I144="Online"),1,0) -> 0 | W144: =SUM(Q144:V144) -> 0 | X144: {=_xlfn.IFS(W144<=1,"Low",W144=2,"Medium",W144>=3,"High")} -> Low
A145: TXN500144 | B145: CC-10011 | C145: 45906 | D145: 15:45 | E145: Standard Bank ATM | F145: ATM Withdrawal | G145: Cape Town | H145: 1421.32 | I145: Contactless | J145: Approved | L145: =PROPER(TRIM(SUBSTITUTE(_xlfn.XLOOKUP(B145,Cardholders_Reference!A:A,Cardholders_Reference!B:B),","," "))) -> Thabo Dlamini | M145: =_xlfn.XLOOKUP(B145,Cardholders_Reference!A:A,Cardholders_Reference!G:G) -> 80000 | N145: =_xlfn.XLOOKUP(B145,Cardholders_Reference!A:A,Cardholders_Reference!D:D) -> Capitec | O145: =_xlfn.XLOOKUP(B145,Cardholders_Reference!A:A,Cardholders_Reference!E:E) -> Visa | P145: =H145/M145 -> 0.0177665 | Q145: =IF(COUNTIFS($B$1:$B$738,B144,$G$1:$G$738,G144)/COUNTIF($B$1:$B$738,B144)<0.5,1,0) -> 0 | R145: =IF(D145="Unknown",1,IF(OR(TIMEVALUE(D145)<TIME(5,0,0),TIMEVALUE(D145)>=TIME(23,0,0)),1,0)) -> 0 | S145: =IF(COUNTIFS($B$1:$B$738,B144,$C$1:$C$738,#REF!)>2,1,0) -> 0 | T145: =IF(P144>0.4,1,0) -> 0 | U145: =IF(OR(F144="Gambling",F144="ATM Withdrawal"),1,0) -> 0 | V145: =IF(OR(I145="Card Not Present (Phone)",I145="Online"),1,0) -> 0 | W145: =SUM(Q145:V145) -> 0 | X145: {=_xlfn.IFS(W145<=1,"Low",W145=2,"Medium",W145>=3,"High")} -> Low
A146: TXN500145 | B146: CC-10011 | C146: 46120 | D146: 19:45 | E146: Takealot | F146: Online Retail | G146: Pretoria | H146: 1192.61 | I146: Card Present | J146: Approved | L146: =PROPER(TRIM(SUBSTITUTE(_xlfn.XLOOKUP(B146,Cardholders_Reference!A:A,Cardholders_Reference!B:B),","," "))) -> Thabo Dlamini | M146: =_xlfn.XLOOKUP(B146,Cardholders_Reference!A:A,Cardholders_Reference!G:G) -> 80000 | N146: =_xlfn.XLOOKUP(B146,Cardholders_Reference!A:A,Cardholders_Reference!D:D) -> Capitec | O146: =_xlfn.XLOOKUP(B146,Cardholders_Reference!A:A,Cardholders_Reference!E:E) -> Visa | P146: =H146/M146 -> 0.014907625 | Q146: =IF(COUNTIFS($B$1:$B$738,B145,$G$1:$G$738,G145)/COUNTIF($B$1:$B$738,B145)<0.5,1,0) -> 0 | R146: =IF(D146="Unknown",1,IF(OR(TIMEVALUE(D146)<TIME(5,0,0),TIMEVALUE(D146)>=TIME(23,0,0)),1,0)) -> 0 | S146: =IF(COUNTIFS($B$1:$B$738,B145,$C$1:$C$738,#REF!)>2,1,0) -> 0 | T146: =IF(P145>0.4,1,0) -> 0 | U146: =IF(OR(F145="Gambling",F145="ATM Withdrawal"),1,0) -> 1 | V146: =IF(OR(I146="Card Not Present (Phone)",I146="Online"),1,0) -> 0 | W146: =SUM(Q146:V146) -> 1 | X146: {=_xlfn.IFS(W146<=1,"Low",W146=2,"Medium",W146>=3,"High")} -> Low
A147: TXN500146 | B147: CC-10012 | C147: 45758 | D147: 17:59 | E147: Checkers | F147: Grocery | G147: Durban | H147: 1171.96 | I147: Contactless | J147: Approved | L147: =PROPER(TRIM(SUBSTITUTE(_xlfn.XLOOKUP(B147,Cardholders_Reference!A:A,Cardholders_Reference!B:B),","," "))) -> Precious Khumalo | M147: =_xlfn.XLOOKUP(B147,Cardholders_Reference!A:A,Cardholders_Reference!G:G) -> 30000 | N147: =_xlfn.XLOOKUP(B147,Cardholders_Reference!A:A,Cardholders_Reference!D:D) -> Capitec | O147: =_xlfn.XLOOKUP(B147,Cardholders_Reference!A:A,Cardholders_Reference!E:E) -> Visa | P147: =H147/M147 -> 0.039065333 | Q147: =IF(COUNTIFS($B$1:$B$738,B146,$G$1:$G$738,G146)/COUNTIF($B$1:$B$738,B146)<0.5,1,0) -> 1 | R147: =IF(D147="Unknown",1,IF(OR(TIMEVALUE(D147)<TIME(5,0,0),TIMEVALUE(D147)>=TIME(23,0,0)),1,0)) -> 0 | S147: =IF(COUNTIFS($B$1:$B$738,B146,$C$1:$C$738,#REF!)>2,1,0) -> 0 | T147: =IF(P146>0.4,1,0) -> 0 | U147: =IF(OR(F146="Gambling",F146="ATM Withdrawal"),1,0) -> 0 | V147: =IF(OR(I147="Card Not Present (Phone)",I147="Online"),1,0) -> 0 | W147: =SUM(Q147:V147) -> 1 | X147: {=_xlfn.IFS(W147<=1,"Low",W147=2,"Medium",W147>=3,"High")} -> Low
A148: TXN500147 | B148: CC-10012 | C148: 45718 | D148: 10:55 | E148: City Power | F148: Utilities | G148: Durban | H148: 1228.65 | I148: Card Not Present (Phone) | J148: Approved | L148: =PROPER(TRIM(SUBSTITUTE(_xlfn.XLOOKUP(B148,Cardholders_Reference!A:A,Cardholders_Reference!B:B),","," "))) -> Precious Khumalo | M148: =_xlfn.XLOOKUP(B148,Cardholders_Reference!A:A,Cardholders_Reference!G:G) -> 30000 | N148: =_xlfn.XLOOKUP(B148,Cardholders_Reference!A:A,Cardholders_Reference!D:D) -> Capitec | O148: =_xlfn.XLOOKUP(B148,Cardholders_Reference!A:A,Cardholders_Reference!E:E) -> Visa | P148: =H148/M148 -> 0.040955 | Q148: =IF(COUNTIFS($B$1:$B$738,B147,$G$1:$G$738,G147)/COUNTIF($B$1:$B$738,B147)<0.5,1,0) -> 0 | R148: =IF(D148="Unknown",1,IF(OR(TIMEVALUE(D148)<TIME(5,0,0),TIMEVALUE(D148)>=TIME(23,0,0)),1,0)) -> 0 | S148: =IF(COUNTIFS($B$1:$B$738,B147,$C$1:$C$738,#REF!)>2,1,0) -> 0 | T148: =IF(P147>0.4,1,0) -> 0 | U148: =IF(OR(F147="Gambling",F147="ATM Withdrawal"),1,0) -> 0 | V148: =IF(OR(I148="Card Not Present (Phone)",I148="Online"),1,0) -> 1 | W148: =SUM(Q148:V148) -> 1 | X148: {=_xlfn.IFS(W148<=1,"Low",W148=2,"Medium",W148>=3,"High")} -> Low
A149: TXN500148 | B149: CC-10012 | C149: 45700 | D149: 16:33 | E149: Dis-Chem | F149: Pharmacy | G149: Durban | H149: 721.21 | I149: Card Present | J149: Approved | L149: =PROPER(TRIM(SUBSTITUTE(_xlfn.XLOOKUP(B149,Cardholders_Reference!A:A,Cardholders_Reference!B:B),","," "))) -> Precious Khumalo | M149: =_xlfn.XLOOKUP(B149,Cardholders_Reference!A:A,Cardholders_Reference!G:G) -> 30000 | N149: =_xlfn.XLOOKUP(B149,Cardholders_Reference!A:A,Cardholders_Reference!D:D) -> Capitec | O149: =_xlfn.XLOOKUP(B149,Cardholders_Reference!A:A,Cardholders_Reference!E:E) -> Visa | P149: =H149/M149 -> 0.024040333 | Q149: =IF(COUNTIFS($B$1:$B$738,B148,$G$1:$G$738,G148)/COUNTIF($B$1:$B$738,B148)<0.5,1,0) -> 0 | R149: =IF(D149="Unknown",1,IF(OR(TIMEVALUE(D149)<TIME(5,0,0),TIMEVALUE(D149)>=TIME(23,0,0)),1,0)) -> 0 | S149: =IF(COUNTIFS($B$1:$B$738,B148,$C$1:$C$738,#REF!)>2,1,0) -> 0 | T149: =IF(P148>0.4,1,0) -> 0 | U149: =IF(OR(F148="Gambling",F148="ATM Withdrawal"),1,0) -> 0 | V149: =IF(OR(I149="Card Not Present (Phone)",I149="Online"),1,0) -> 0 | W149: =SUM(Q149:V149) -> 0 | X149: {=_xlfn.IFS(W149<=1,"Low",W149=2,"Medium",W149>=3,"High")} -> Low
... A234: TXN500233 | B234: CC-10019 | C234: 45904 | D234: 13:10 | E234: Superbalist | F234: Online Retail | G234: Gqeberha | H234: 4397.71 | I234: Online | J234: Approved | L234: =PROPER(TRIM(SUBSTITUTE(_xlfn.XLOOKUP(B234,Cardholders_Reference!A:A,Cardholders_Reference!B:B),","," "))) -> Rachel Khumalo | M234: =_xlfn.XLOOKUP(B234,Cardholders_Reference!A:A,Cardholders_Reference!G:G) -> 80000 | N234: =_xlfn.XLOOKUP(B234,Cardholders_Reference!A:A,Cardholders_Reference!D:D) -> Nedbank | O234: =_xlfn.XLOOKUP(B234,Cardholders_Reference!A:A,Cardholders_Reference!E:E) -> Visa | P234: =H234/M234 -> 0.054971375 | Q234: =IF(COUNTIFS($B$1:$B$738,B233,$G$1:$G$738,G233)/COUNTIF($B$1:$B$738,B233)<0.5,1,0) -> 0 | R234: =IF(D234="Unknown",1,IF(OR(TIMEVALUE(D234)<TIME(5,0,0),TIMEVALUE(D234)>=TIME(23,0,0)),1,0)) -> 0 | S234: =IF(COUNTIFS($B$1:$B$738,B233,$C$1:$C$738,#REF!)>2,1,0) -> 0 | T234: =IF(P233>0.4,1,0) -> 0 | U234: =IF(OR(F233="Gambling",F233="ATM Withdrawal"),1,0) -> 0 | V234: =IF(OR(I234="Card Not Present (Phone)",I234="Online"),1,0) -> 1 | W234: =SUM(Q234:V234) -> 1 | X234: {=_xlfn.IFS(W234<=1,"Low",W234=2,"Medium",W234>=3,"High")} -> Low
A235: TXN500234 | B235: CC-10019 | C235: 45764 | D235: Unknown | E235: City Power | F235: Utilities | G235: Gqeberha | H235: 274.49 | I235: Contactless | J235: Approved | K235: verified via OTP call | L235: =PROPER(TRIM(SUBSTITUTE(_xlfn.XLOOKUP(B235,Cardholders_Reference!A:A,Cardholders_Reference!B:B),","," "))) -> Rachel Khumalo | M235: =_xlfn.XLOOKUP(B235,Cardholders_Reference!A:A,Cardholders_Reference!G:G) -> 80000 | N235: =_xlfn.XLOOKUP(B235,Cardholders_Reference!A:A,Cardholders_Reference!D:D) -> Nedbank | O235: =_xlfn.XLOOKUP(B235,Cardholders_Reference!A:A,Cardholders_Reference!E:E) -> Visa | P235: =H235/M235 -> 0.003431125 | Q235: =IF(COUNTIFS($B$1:$B$738,B234,$G$1:$G$738,G234)/COUNTIF($B$1:$B$738,B234)<0.5,1,0) -> 0 | R235: =IF(D235="Unknown",1,IF(OR(TIMEVALUE(D235)<TIME(5,0,0),TIMEVALUE(D235)>=TIME(23,0,0)),1,0)) -> 1 | S235: =IF(COUNTIFS($B$1:$B$738,B234,$C$1:$C$738,#REF!)>2,1,0) -> 0 | T235: =IF(P234>0.4,1,0) -> 0 | U235: =IF(OR(F234="Gambling",F234="ATM Withdrawal"),1,0) -> 0 | V235: =IF(OR(I235="Card Not Present (Phone)",I235="Online"),1,0) -> 0 | W235: =SUM(Q235:V235) -> 1 | X235: {=_xlfn.IFS(W235<=1,"Low",W235=2,"Medium",W235>=3,"High")} -> Low
A236: TXN500235 | B236: CC-10019 | C236: 45672 | D236: 10:21 | E236: Telkom | F236: Utilities | G236: Gqeberha | H236: 408.25 | I236: Card Not Present (Phone) | J236: Approved | L236: =PROPER(TRIM(SUBSTITUTE(_xlfn.XLOOKUP(B236,Cardholders_Reference!A:A,Cardholders_Reference!B:B),","," "))) -> Rachel Khumalo | M236: =_xlfn.XLOOKUP(B236,Cardholders_Reference!A:A,Cardholders_Reference!G:G) -> 80000 | N236: =_xlfn.XLOOKUP(B236,Cardholders_Reference!A:A,Cardholders_Reference!D:D) -> Nedbank | O236: =_xlfn.XLOOKUP(B236,Cardholders_Reference!A:A,Cardholders_Reference!E:E) -> Visa | P236: =H236/M236 -> 0.005103125 | Q236: =IF(COUNTIFS($B$1:$B$738,B235,$G$1:$G$738,G235)/COUNTIF($B$1:$B$738,B235)<0.5,1,0) -> 0 | R236: =IF(D236="Unknown",1,IF(OR(TIMEVALUE(D236)<TIME(5,0,0),TIMEVALUE(D236)>=TIME(23,0,0)),1,0)) -> 0 | S236: =IF(COUNTIFS($B$1:$B$738,B235,$C$1:$C$738,#REF!)>2,1,0) -> 0 | T236: =IF(P235>0.4,1,0) -> 0 | U236: =IF(OR(F235="Gambling",F235="ATM Withdrawal"),1,0) -> 0 | V236: =IF(OR(I236="Card Not Present (Phone)",I236="Online"),1,0) -> 1 | W236: =SUM(Q236:V236) -> 1 | X236: {=_xlfn.IFS(W236<=1,"Low",W236=2,"Medium",W236>=3,"High")} -> Low
A237: TXN500236 | B237: CC-10019 | C237: 45839 | D237: 10:05 | E237: Zara | F237: Clothing | G237: Gqeberha | H237: 3195.47 | I237: Card Not Present (Phone) | J237: Declined | L237: =PROPER(TRIM(SUBSTITUTE(_xlfn.XLOOKUP(B237,Cardholders_Reference!A:A,Cardholders_Reference!B:B),","," "))) -> Rachel Khumalo | M237: =_xlfn.XLOOKUP(B237,Cardholders_Reference!A:A,Cardholders_Reference!G:G) -> 80000 | N237: =_xlfn.XLOOKUP(B237,Cardholders_Reference!A:A,Cardholders_Reference!D:D) -> Nedbank | O237: =_xlfn.XLOOKUP(B237,Cardholders_Reference!A:A,Cardholders_Reference!E:E) -> Visa | P237: =H237/M237 -> 0.039943375 | Q237: =IF(COUNTIFS($B$1:$B$738,B236,$G$1:$G$738,G236)/COUNTIF($B$1:$B$738,B236)<0.5,1,0) -> 0 | R237: =IF(D237="Unknown",1,IF(OR(TIMEVALUE(D237)<TIME(5,0,0),TIMEVALUE(D237)>=TIME(23,0,0)),1,0)) -> 0 | S237: =IF(COUNTIFS($B$1:$B$738,B236,$C$1:$C$738,#REF!)>2,1,0) -> 0 | T237: =IF(P236>0.4,1,0) -> 0 | U237: =IF(OR(F236="Gambling",F236="ATM Withdrawal"),1,0) -> 0 | V237: =IF(OR(I237="Card Not Present (Phone)",I237="Online"),1,0) -> 1 | W237: =SUM(Q237:V237) -> 1 | X237: {=_xlfn.IFS(W237<=1,"Low",W237=2,"Medium",W237>=3,"High")} -> Low
A238: TXN500237 | B238: CC-10019 | C238: 45665 | D238: 11:54 | E238: Shoprite | F238: Grocery | G238: Gqeberha | H238: 757.26 | I238: Card Not Present (Phone) | J238: Approved | K238: verified via OTP call | L238: =PROPER(TRIM(SUBSTITUTE(_xlfn.XLOOKUP(B238,Cardholders_Reference!A:A,Cardholders_Reference!B:B),","," "))) -> Rachel Khumalo | M238: =_xlfn.XLOOKUP(B238,Cardholders_Reference!A:A,Cardholders_Reference!G:G) -> 80000 | N238: =_xlfn.XLOOKUP(B238,Cardholders_Reference!A:A,Cardholders_Reference!D:D) -> Nedbank | O238: =_xlfn.XLOOKUP(B238,Cardholders_Reference!A:A,Cardholders_Reference!E:E) -> Visa | P238: =H238/M238 -> 0.00946575 | Q238: =IF(COUNTIFS($B$1:$B$738,B237,$G$1:$G$738,G237)/COUNTIF($B$1:$B$738,B237)<0.5,1,0) -> 0 | R238: =IF(D238="Unknown",1,IF(OR(TIMEVALUE(D238)<TIME(5,0,0),TIMEVALUE(D238)>=TIME(23,0,0)),1,0)) -> 0 | S238: =IF(COUNTIFS($B$1:$B$738,B237,$C$1:$C$738,#REF!)>2,1,0) -> 0 | T238: =IF(P237>0.4,1,0) -> 0 | U238: =IF(OR(F237="Gambling",F237="ATM Withdrawal"),1,0) -> 0 | V238: =IF(OR(I238="Card Not Present (Phone)",I238="Online"),1,0) -> 1 | W238: =SUM(Q238:V238) -> 1 | X238: {=_xlfn.IFS(W238<=1,"Low",W238=2,"Medium",W238>=3,"High")} -> Low
A239: TXN500238 | B239: CC-10019 | C239: 46144 | D239: 14:44 | E239: Woolworths | F239: Grocery | G239: Gqeberha | H239: 484.63 | I239: Card Not Present (Phone) | J239: Approved | L239: =PROPER(TRIM(SUBSTITUTE(_xlfn.XLOOKUP(B239,Cardholders_Reference!A:A,Cardholders_Reference!B:B),","," "))) -> Rachel Khumalo | M239: =_xlfn.XLOOKUP(B239,Cardholders_Reference!A:A,Cardholders_Reference!G:G) -> 80000 | N239: =_xlfn.XLOOKUP(B239,Cardholders_Reference!A:A,Cardholders_Reference!D:D) -> Nedbank | O239: =_xlfn.XLOOKUP(B239,Cardholders_Reference!A:A,Cardholders_Reference!E:E) -> Visa | P239: =H239/M239 -> 0.006057875 | Q239: =IF(COUNTIFS($B$1:$B$738,B238,$G$1:$G$738,G238)/COUNTIF($B$1:$B$738,B238)<0.5,1,0) -> 0 | R239: =IF(D239="Unknown",1,IF(OR(TIMEVALUE(D239)<TIME(5,0,0),TIMEVALUE(D239)>=TIME(23,0,0)),1,0)) -> 0 | S239: =IF(COUNTIFS($B$1:$B$738,B238,$C$1:$C$738,#REF!)>2,1,0) -> 0 | T239: =IF(P238>0.4,1,0) -> 0 | U239: =IF(OR(F238="Gambling",F238="ATM Withdrawal"),1,0) -> 0 | V239: =IF(OR(I239="Card Not Present (Phone)",I239="Online"),1,0) -> 1 | W239: =SUM(Q239:V239) -> 1 | X239: {=_xlfn.IFS(W239<=1,"Low",W239=2,"Medium",W239>=3,"High")} -> Low
A240: TXN500239 | B240: CC-10019 | C240: 45715 | D240: Unknown | E240: Netflix | F240: Subscription Services | G240: Gqeberha | H240: 114.23 | I240: Card Not Present (Phone) | J240: Approved | L240: =PROPER(TRIM(SUBSTITUTE(_xlfn.XLOOKUP(B240,Cardholders_Reference!A:A,Cardholders_Reference!B:B),","," "))) -> Rachel Khumalo | M240: =_xlfn.XLOOKUP(B240,Cardholders_Reference!A:A,Cardholders_Reference!G:G) -> 80000 | N240: =_xlfn.XLOOKUP(B240,Cardholders_Reference!A:A,Cardholders_Reference!D:D) -> Nedbank | O240: =_xlfn.XLOOKUP(B240,Cardholders_Reference!A:A,Cardholders_Reference!E:E) -> Visa | P240: =H240/M240 -> 0.001427875 | Q240: =IF(COUNTIFS($B$1:$B$738,B239,$G$1:$G$738,G239)/COUNTIF($B$1:$B$738,B239)<0.5,1,0) -> 0 | R240: =IF(D240="Unknown",1,IF(OR(TIMEVALUE(D240)<TIME(5,0,0),TIMEVALUE(D240)>=TIME(23,0,0)),1,0)) -> 1 | S240: =IF(COUNTIFS($B$1:$B$738,B239,$C$1:$C$738,#REF!)>2,1,0) -> 0 | T240: =IF(P239>0.4,1,0) -> 0 | U240: =IF(OR(F239="Gambling",F239="ATM Withdrawal"),1,0) -> 0 | V240: =IF(OR(I240="Card Not Present (Phone)",I240="Online"),1,0) -> 1 | W240: =SUM(Q240:V240) -> 2 | X240: {=_xlfn.IFS(W240<=1,"Low",W240=2,"Medium",W240>=3,"High")} -> Medium
A241: TXN500240 | B241: CC-10019 | C241: 45873 | D241: 18:34 | E241: Amazon | F241: Online Retail | G241: Gqeberha | H241: 1328.63 | I241: Card Present | J241: Approved | L241: =PROPER(TRIM(SUBSTITUTE(_xlfn.XLOOKUP(B241,Cardholders_Reference!A:A,Cardholders_Reference!B:B),","," "))) -> Rachel Khumalo | M241: =_xlfn.XLOOKUP(B241,Cardholders_Reference!A:A,Cardholders_Reference!G:G) -> 80000 | N241: =_xlfn.XLOOKUP(B241,Cardholders_Reference!A:A,Cardholders_Reference!D:D) -> Nedbank | O241: =_xlfn.XLOOKUP(B241,Cardholders_Reference!A:A,Cardholders_Reference!E:E) -> Visa | P241: =H241/M241 -> 0.016607875 | Q241: =IF(COUNTIFS($B$1:$B$738,B240,$G$1:$G$738,G240)/COUNTIF($B$1:$B$738,B240)<0.5,1,0) -> 0 | R241: =IF(D241="Unknown",1,IF(OR(TIMEVALUE(D241)<TIME(5,0,0),TIMEVALUE(D241)>=TIME(23,0,0)),1,0)) -> 0 | S241: =IF(COUNTIFS($B$1:$B$738,B240,$C$1:$C$738,#REF!)>2,1,0) -> 0 | T241: =IF(P240>0.4,1,0) -> 0 | U241: =IF(OR(F240="Gambling",F240="ATM Withdrawal"),1,0) -> 0 | V241: =IF(OR(I241="Card Not Present (Phone)",I241="Online"),1,0) -> 0 | W241: =SUM(Q241:V241) -> 0 | X241: {=_xlfn.IFS(W241<=1,"Low",W241=2,"Medium",W241>=3,"High")} -> Low
A242: TXN500241 | B242: CC-10019 | C242: 46040 | D242: 14:45 | E242: Incredible Connection | F242: Electronics | G242: Gqeberha | H242: 17624.12 | I242: Card Present | J242: Approved | L242: =PROPER(TRIM(SUBSTITUTE(_xlfn.XLOOKUP(B242,Cardholders_Reference!A:A,Cardholders_Reference!B:B),","," "))) -> Rachel Khumalo | M242: =_xlfn.XLOOKUP(B242,Cardholders_Reference!A:A,Cardholders_Reference!G:G) -> 80000 | N242: =_xlfn.XLOOKUP(B242,Cardholders_Reference!A:A,Cardholders_Reference!D:D) -> Nedbank | O242: =_xlfn.XLOOKUP(B242,Cardholders_Reference!A:A,Cardholders_Reference!E:E) -> Visa | P242: =H242/M242 -> 0.2203015 | Q242: =IF(COUNTIFS($B$1:$B$738,B241,$G$1:$G$738,G241)/COUNTIF($B$1:$B$738,B241)<0.5,1,0) -> 0 | R242: =IF(D242="Unknown",1,IF(OR(TIMEVALUE(D242)<TIME(5,0,0),TIMEVALUE(D242)>=TIME(23,0,0)),1,0)) -> 0 | S242: =IF(COUNTIFS($B$1:$B$738,B241,$C$1:$C$738,#REF!)>2,1,0) -> 0 | T242: =IF(P241>0.4,1,0) -> 0 | U242: =IF(OR(F241="Gambling",F241="ATM Withdrawal"),1,0) -> 0 | V242: =IF(OR(I242="Card Not Present (Phone)",I242="Online"),1,0) -> 0 | W242: =SUM(Q242:V242) -> 0 | X242: {=_xlfn.IFS(W242<=1,"Low",W242=2,"Medium",W242>=3,"High")} -> Low
A243: TXN500242 | B243: CC-10019 | C243: 46065 | D243: 08:33 | E243: Shoprite | F243: Grocery | G243: Pretoria | H243: 430.58 | I243: Contactless | J243: Declined | L243: =PROPER(TRIM(SUBSTITUTE(_xlfn.XLOOKUP(B243,Cardholders_Reference!A:A,Cardholders_Reference!B:B),","," "))) -> Rachel Khumalo | M243: =_xlfn.XLOOKUP(B243,Cardholders_Reference!A:A,Cardholders_Reference!G:G) -> 80000 | N243: =_xlfn.XLOOKUP(B243,Cardholders_Reference!A:A,Cardholders_Reference!D:D) -> Nedbank | O243: =_xlfn.XLOOKUP(B243,Cardholders_Reference!A:A,Cardholders_Reference!E:E) -> Visa | P243: =H243/M243 -> 0.00538225 | Q243: =IF(COUNTIFS($B$1:$B$738,B242,$G$1:$G$738,G242)/COUNTIF($B$1:$B$738,B242)<0.5,1,0) -> 0 | R243: =IF(D243="Unknown",1,IF(OR(TIMEVALUE(D243)<TIME(5,0,0),TIMEVALUE(D243)>=TIME(23,0,0)),1,0)) -> 0 | S243: =IF(COUNTIFS($B$1:$B$738,B242,$C$1:$C$738,#REF!)>2,1,0) -> 0 | T243: =IF(P242>0.4,1,0) -> 0 | U243: =IF(OR(F242="Gambling",F242="ATM Withdrawal"),1,0) -> 0 | V243: =IF(OR(I243="Card Not Present (Phone)",I243="Online"),1,0) -> 0 | W243: =SUM(Q243:V243) -> 0 | X243: {=_xlfn.IFS(W243<=1,"Low",W243=2,"Medium",W243>=3,"High")} -> Low
A244: TXN500243 | B244: CC-10019 | C244: 46430 | D244: 22:26 | E244: Checkers | F244: Grocery | G244: Gqeberha | H244: 189.77 | I244: Card Not Present (Phone) | J244: Declined | L244: =PROPER(TRIM(SUBSTITUTE(_xlfn.XLOOKUP(B244,Cardholders_Reference!A:A,Cardholders_Reference!B:B),","," "))) -> Rachel Khumalo | M244: =_xlfn.XLOOKUP(B244,Cardholders_Reference!A:A,Cardholders_Reference!G:G) -> 80000 | N244: =_xlfn.XLOOKUP(B244,Cardholders_Reference!A:A,Cardholders_Reference!D:D) -> Nedbank | O244: =_xlfn.XLOOKUP(B244,Cardholders_Reference!A:A,Cardholders_Reference!E:E) -> Visa | P244: =H244/M244 -> 0.002372125 | Q244: =IF(COUNTIFS($B$1:$B$738,B243,$G$1:$G$738,G243)/COUNTIF($B$1:$B$738,B243)<0.5,1,0) -> 1 | R244: =IF(D244="Unknown",1,IF(OR(TIMEVALUE(D244)<TIME(5,0,0),TIMEVALUE(D244)>=TIME(23,0,0)),1,0)) -> 0 | S244: =IF(COUNTIFS($B$1:$B$738,B243,$C$1:$C$738,#REF!)>2,1,0) -> 0 | T244: =IF(P243>0.4,1,0) -> 0 | U244: =IF(OR(F243="Gambling",F243="ATM Withdrawal"),1,0) -> 0 | V244: =IF(OR(I244="Card Not Present (Phone)",I244="Online"),1,0) -> 1 | W244: =SUM(Q244:V244) -> 2 | X244: {=_xlfn.IFS(W244<=1,"Low",W244=2,"Medium",W244>=3,"High")} -> Medium
A245: TXN500244 | B245: CC-10019 | C245: 46143 | D245: 12:43 | E245: Dis-Chem | F245: Pharmacy | G245: Cape Town | H245: 754.72 | I245: Online | J245: Approved | L245: =PROPER(TRIM(SUBSTITUTE(_xlfn.XLOOKUP(B245,Cardholders_Reference!A:A,Cardholders_Reference!B:B),","," "))) -> Rachel Khumalo | M245: =_xlfn.XLOOKUP(B245,Cardholders_Reference!A:A,Cardholders_Reference!G:G) -> 80000 | N245: =_xlfn.XLOOKUP(B245,Cardholders_Reference!A:A,Cardholders_Reference!D:D) -> Nedbank | O245: =_xlfn.XLOOKUP(B245,Cardholders_Reference!A:A,Cardholders_Reference!E:E) -> Visa | P245: =H245/M245 -> 0.009434 | Q245: =IF(COUNTIFS($B$1:$B$738,B244,$G$1:$G$738,G244)/COUNTIF($B$1:$B$738,B244)<0.5,1,0) -> 0 | R245: =IF(D245="Unknown",1,IF(OR(TIMEVALUE(D245)<TIME(5,0,0),TIMEVALUE(D245)>=TIME(23,0,0)),1,0)) -> 0 | S245: =IF(COUNTIFS($B$1:$B$738,B244,$C$1:$C$738,#REF!)>2,1,0) -> 0 | T245: =IF(P244>0.4,1,0) -> 0 | U245: =IF(OR(F244="Gambling",F244="ATM Withdrawal"),1,0) -> 0 | V245: =IF(OR(I245="Card Not Present (Phone)",I245="Online"),1,0) -> 1 | W245: =SUM(Q245:V245) -> 1 | X245: {=_xlfn.IFS(W245<=1,"Low",W245=2,"Medium",W245>=3,"High")} -> Low
A246: TXN500245 | B246: CC-10019 | C246: 46145 | D246: 16:17 | E246: Game | F246: Electronics | G246: Gqeberha | H246: 5795.36 | I246: Card Present | J246: Declined | L246: =PROPER(TRIM(SUBSTITUTE(_xlfn.XLOOKUP(B246,Cardholders_Reference!A:A,Cardholders_Reference!B:B),","," "))) -> Rachel Khumalo | M246: =_xlfn.XLOOKUP(B246,Cardholders_Reference!A:A,Cardholders_Reference!G:G) -> 80000 | N246: =_xlfn.XLOOKUP(B246,Cardholders_Reference!A:A,Cardholders_Reference!D:D) -> Nedbank | O246: =_xlfn.XLOOKUP(B246,Cardholders_Reference!A:A,Cardholders_Reference!E:E) -> Visa | P246: =H246/M246 -> 0.072442 | Q246: =IF(COUNTIFS($B$1:$B$738,B245,$G$1:$G$738,G245)/COUNTIF($B$1:$B$738,B245)<0.5,1,0) -> 1 | R246: =IF(D246="Unknown",1,IF(OR(TIMEVALUE(D246)<TIME(5,0,0),TIMEVALUE(D246)>=TIME(23,0,0)),1,0)) -> 0 | S246: =IF(COUNTIFS($B$1:$B$738,B245,$C$1:$C$738,#REF!)>2,1,0) -> 0 | T246: =IF(P245>0.4,1,0) -> 0 | U246: =IF(OR(F245="Gambling",F245="ATM Withdrawal"),1,0) -> 0 | V246: =IF(OR(I246="Card Not Present (Phone)",I246="Online"),1,0) -> 0 | W246: =SUM(Q246:V246) -> 1 | X246: {=_xlfn.IFS(W246<=1,"Low",W246=2,"Medium",W246>=3,"High")} -> Low
A247: TXN500246 | B247: CC-10019 | C247: 45741 | D247: 20:30 | E247: Mr Price | F247: Clothing | G247: Pretoria | H247: 1683.53 | I247: Card Present | J247: Approved | L247: =PROPER(TRIM(SUBSTITUTE(_xlfn.XLOOKUP(B247,Cardholders_Reference!A:A,Cardholders_Reference!B:B),","," "))) -> Rachel Khumalo | M247: =_xlfn.XLOOKUP(B247,Cardholders_Reference!A:A,Cardholders_Reference!G:G) -> 80000 | N247: =_xlfn.XLOOKUP(B247,Cardholders_Reference!A:A,Cardholders_Reference!D:D) -> Nedbank | O247: =_xlfn.XLOOKUP(B247,Cardholders_Reference!A:A,Cardholders_Reference!E:E) -> Visa | P247: =H247/M247 -> 0.021044125 | Q247: =IF(COUNTIFS($B$1:$B$738,B246,$G$1:$G$738,G246)/COUNTIF($B$1:$B$738,B246)<0.5,1,0) -> 0 | R247: =IF(D247="Unknown",1,IF(OR(TIMEVALUE(D247)<TIME(5,0,0),TIMEVALUE(D247)>=TIME(23,0,0)),1,0)) -> 0 | S247: =IF(COUNTIFS($B$1:$B$738,B246,$C$1:$C$738,#REF!)>2,1,0) -> 0 | T247: =IF(P246>0.4,1,0) -> 0 | U247: =IF(OR(F246="Gambling",F246="ATM Withdrawal"),1,0) -> 0 | V247: =IF(OR(I247="Card Not Present (Phone)",I247="Online"),1,0) -> 0 | W247: =SUM(Q247:V247) -> 0 | X247: {=_xlfn.IFS(W247<=1,"Low",W247=2,"Medium",W247>=3,"High")} -> Low
A248: TXN500247 | B248: CC-10019 | C248: 45752 | D248: 09:41 | E248: Incredible Connection | F248: Electronics | G248: Gqeberha | H248: 11174.71 | I248: Contactless | J248: Declined | L248: =PROPER(TRIM(SUBSTITUTE(_xlfn.XLOOKUP(B248,Cardholders_Reference!A:A,Cardholders_Reference!B:B),","," "))) -> Rachel Khumalo | M248: =_xlfn.XLOOKUP(B248,Cardholders_Reference!A:A,Cardholders_Reference!G:G) -> 80000 | N248: =_xlfn.XLOOKUP(B248,Cardholders_Reference!A:A,Cardholders_Reference!D:D) -> Nedbank | O248: =_xlfn.XLOOKUP(B248,Cardholders_Reference!A:A,Cardholders_Reference!E:E) -> Visa | P248: =H248/M248 -> 0.13968387 | Q248: =IF(COUNTIFS($B$1:$B$738,B247,$G$1:$G$738,G247)/COUNTIF($B$1:$B$738,B247)<0.5,1,0) -> 1 | R248: =IF(D248="Unknown",1,IF(OR(TIMEVALUE(D248)<TIME(5,0,0),TIMEVALUE(D248)>=TIME(23,0,0)),1,0)) -> 0 | S248: =IF(COUNTIFS($B$1:$B$738,B247,$C$1:$C$738,#REF!)>2,1,0) -> 0 | T248: =IF(P247>0.4,1,0) -> 0 | U248: =IF(OR(F247="Gambling",F247="ATM Withdrawal"),1,0) -> 0 | V248: =IF(OR(I248="Card Not Present (Phone)",I248="Online"),1,0) -> 0 | W248: =SUM(Q248:V248) -> 1 | X248: {=_xlfn.IFS(W248<=1,"Low",W248=2,"Medium",W248>=3,"High")} -> Low
A249: TXN500248 | B249: CC-10020 | C249: 45689 | D249: 13:22 | E249: Makro | F249: Electronics | G249: Gqeberha | H249: 5040.71 | I249: Card Present | J249: Approved | L249: =PROPER(TRIM(SUBSTITUTE(_xlfn.XLOOKUP(B249,Cardholders_Reference!A:A,Cardholders_Reference!B:B),","," "))) -> Andries Mahlangu | M249: =_xlfn.XLOOKUP(B249,Cardholders_Reference!A:A,Cardholders_Reference!G:G) -> 40000 | N249: =_xlfn.XLOOKUP(B249,Cardholders_Reference!A:A,Cardholders_Reference!D:D) -> Nedbank | O249: =_xlfn.XLOOKUP(B249,Cardholders_Reference!A:A,Cardholders_Reference!E:E) -> Visa | P249: =H249/M249 -> 0.12601775 | Q249: =IF(COUNTIFS($B$1:$B$738,B248,$G$1:$G$738,G248)/COUNTIF($B$1:$B$738,B248)<0.5,1,0) -> 0 | R249: =IF(D249="Unknown",1,IF(OR(TIMEVALUE(D249)<TIME(5,0,0),TIMEVALUE(D249)>=TIME(23,0,0)),1,0)) -> 0 | S249: =IF(COUNTIFS($B$1:$B$738,B248,$C$1:$C$738,#REF!)>2,1,0) -> 0 | T249: =IF(P248>0.4,1,0) -> 0 | U249: =IF(OR(F248="Gambling",F248="ATM Withdrawal"),1,0) -> 0 | V249: =IF(OR(I249="Card Not Present (Phone)",I249="Online"),1,0) -> 0 | W249: =SUM(Q249:V249) -> 0 | X249: {=_xlfn.IFS(W249<=1,"Low",W249=2,"Medium",W249>=3,"High")} -> Low
A250: TXN500249 | B250: CC-10020 | C250: 45845 | D250: 07:26 | E250: Shoprite | F250: Grocery | G250: Cape Town | H250: 729.1 | I250: Card Not Present (Phone) | J250: Approved | L250: =PROPER(TRIM(SUBSTITUTE(_xlfn.XLOOKUP(B250,Cardholders_Reference!A:A,Cardholders_Reference!B:B),","," "))) -> Andries Mahlangu | M250: =_xlfn.XLOOKUP(B250,Cardholders_Reference!A:A,Cardholders_Reference!G:G) -> 40000 | N250: =_xlfn.XLOOKUP(B250,Cardholders_Reference!A:A,Cardholders_Reference!D:D) -> Nedbank | O250: =_xlfn.XLOOKUP(B250,Cardholders_Reference!A:A,Cardholders_Reference!E:E) -> Visa | P250: =H250/M250 -> 0.0182275 | Q250: =IF(COUNTIFS($B$1:$B$738,B249,$G$1:$G$738,G249)/COUNTIF($B$1:$B$738,B249)<0.5,1,0) -> 1 | R250: =IF(D250="Unknown",1,IF(OR(TIMEVALUE(D250)<TIME(5,0,0),TIMEVALUE(D250)>=TIME(23,0,0)),1,0)) -> 0 | S250: =IF(COUNTIFS($B$1:$B$738,B249,$C$1:$C$738,#REF!)>2,1,0) -> 0 | T250: =IF(P249>0.4,1,0) -> 0 | U250: =IF(OR(F249="Gambling",F249="ATM Withdrawal"),1,0) -> 0 | V250: =IF(OR(I250="Card Not Present (Phone)",I250="Online"),1,0) -> 1 | W250: =SUM(Q250:V250) -> 2 | X250: {=_xlfn.IFS(W250<=1,"Low",W250=2,"Medium",W250>=3,"High")} -> Medium
A251: TXN500250 | B251: CC-10020 | C251: 45924 | D251: 16:16 | E251: Truworths | F251: Clothing | G251: Cape Town | H251: 3148.51 | I251: Card Not Present (Phone) | J251: Approved | L251: =PROPER(TRIM(SUBSTITUTE(_xlfn.XLOOKUP(B251,Cardholders_Reference!A:A,Cardholders_Reference!B:B),","," "))) -> Andries Mahlangu | M251: =_xlfn.XLOOKUP(B251,Cardholders_Reference!A:A,Cardholders_Reference!G:G) -> 40000 | N251: =_xlfn.XLOOKUP(B251,Cardholders_Reference!A:A,Cardholders_Reference!D:D) -> Nedbank | O251: =_xlfn.XLOOKUP(B251,Cardholders_Reference!A:A,Cardholders_Reference!E:E) -> Visa | P251: =H251/M251 -> 0.07871275 | Q251: =IF(COUNTIFS($B$1:$B$738,B250,$G$1:$G$738,G250)/COUNTIF($B$1:$B$738,B250)<0.5,1,0) -> 0 | R251: =IF(D251="Unknown",1,IF(OR(TIMEVALUE(D251)<TIME(5,0,0),TIMEVALUE(D251)>=TIME(23,0,0)),1,0)) -> 0 | S251: =IF(COUNTIFS($B$1:$B$738,B250,$C$1:$C$738,#REF!)>2,1,0) -> 0 | T251: =IF(P250>0.4,1,0) -> 0 | U251: =IF(OR(F250="Gambling",F250="ATM Withdrawal"),1,0) -> 0 | V251: =IF(OR(I251="Card Not Present (Phone)",I251="Online"),1,0) -> 1 | W251: =SUM(Q251:V251) -> 1 | X251: {=_xlfn.IFS(W251<=1,"Low",W251=2,"Medium",W251>=3,"High")} -> Low
A252: TXN500251 | B252: CC-10020 | C252: 45772 | D252: 08:37 | E252: Standard Bank ATM | F252: ATM Withdrawal | G252: Cape Town | H252: 2374.66 | I252: Online | J252: Approved | K252: verified via OTP call | L252: =PROPER(TRIM(SUBSTITUTE(_xlfn.XLOOKUP(B252,Cardholders_Reference!A:A,Cardholders_Reference!B:B),","," "))) -> Andries Mahlangu | M252: =_xlfn.XLOOKUP(B252,Cardholders_Reference!A:A,Cardholders_Reference!G:G) -> 40000 | N252: =_xlfn.XLOOKUP(B252,Cardholders_Reference!A:A,Cardholders_Reference!D:D) -> Nedbank | O252: =_xlfn.XLOOKUP(B252,Cardholders_Reference!A:A,Cardholders_Reference!E:E) -> Visa | P252: =H252/M252 -> 0.0593665 | Q252: =IF(COUNTIFS($B$1:$B$738,B251,$G$1:$G$738,G251)/COUNTIF($B$1:$B$738,B251)<0.5,1,0) -> 0 | R252: =IF(D252="Unknown",1,IF(OR(TIMEVALUE(D252)<TIME(5,0,0),TIMEVALUE(D252)>=TIME(23,0,0)),1,0)) -> 0 | S252: =IF(COUNTIFS($B$1:$B$738,B251,$C$1:$C$738,#REF!)>2,1,0) -> 0 | T252: =IF(P251>0.4,1,0) -> 0 | U252: =IF(OR(F251="Gambling",F251="ATM Withdrawal"),1,0) -> 0 | V252: =IF(OR(I252="Card Not Present (Phone)",I252="Online"),1,0) -> 1 | W252: =SUM(Q252:V252) -> 1 | X252: {=_xlfn.IFS(W252<=1,"Low",W252=2,"Medium",W252>=3,"High")} -> Low
A253: TXN500252 | B253: CC-10020 | C253: 45828 | D253: 14:39 | E253: Total | F253: Fuel | G253: Cape Town | H253: 843.62 | I253: Card Not Present (Phone) | J253: Approved | L253: =PROPER(TRIM(SUBSTITUTE(_xlfn.XLOOKUP(B253,Cardholders_Reference!A:A,Cardholders_Reference!B:B),","," "))) -> Andries Mahlangu | M253: =_xlfn.XLOOKUP(B253,Cardholders_Reference!A:A,Cardholders_Reference!G:G) -> 40000 | N253: =_xlfn.XLOOKUP(B253,Cardholders_Reference!A:A,Cardholders_Reference!D:D) -> Nedbank | O253: =_xlfn.XLOOKUP(B253,Cardholders_Reference!A:A,Cardholders_Reference!E:E) -> Visa | P253: =H253/M253 -> 0.0210905 | Q253: =IF(COUNTIFS($B$1:$B$738,B252,$G$1:$G$738,G252)/COUNTIF($B$1:$B$738,B252)<0.5,1,0) -> 0 | R253: =IF(D253="Unknown",1,IF(OR(TIMEVALUE(D253)<TIME(5,0,0),TIMEVALUE(D253)>=TIME(23,0,0)),1,0)) -> 0 | S253: =IF(COUNTIFS($B$1:$B$738,B252,$C$1:$C$738,#REF!)>2,1,0) -> 0 | T253: =IF(P252>0.4,1,0) -> 0 | U253: =IF(OR(F252="Gambling",F252="ATM Withdrawal"),1,0) -> 1 | V253: =IF(OR(I253="Card Not Present (Phone)",I253="Online"),1,0) -> 1 | W253: =SUM(Q253:V253) -> 2 | X253: {=_xlfn.IFS(W253<=1,"Low",W253=2,"Medium",W253>=3,"High")} -> Medium
A254: TXN500253 | B254: CC-10020 | C254: 45665 | D254: 18:07 | E254: Makro | F254: Electronics | G254: Cape Town | H254: 12367.7 | I254: Online | J254: Approved | L254: =PROPER(TRIM(SUBSTITUTE(_xlfn.XLOOKUP(B254,Cardholders_Reference!A:A,Cardholders_Reference!B:B),","," "))) -> Andries Mahlangu | M254: =_xlfn.XLOOKUP(B254,Cardholders_Reference!A:A,Cardholders_Reference!G:G) -> 40000 | N254: =_xlfn.XLOOKUP(B254,Cardholders_Reference!A:A,Cardholders_Reference!D:D) -> Nedbank | O254: =_xlfn.XLOOKUP(B254,Cardholders_Reference!A:A,Cardholders_Reference!E:E) -> Visa | P254: =H254/M254 -> 0.3091925 | Q254: =IF(COUNTIFS($B$1:$B$738,B253,$G$1:$G$738,G253)/COUNTIF($B$1:$B$738,B253)<0.5,1,0) -> 0 | R254: =IF(D254="Unknown",1,IF(OR(TIMEVALUE(D254)<TIME(5,0,0),TIMEVALUE(D254)>=TIME(23,0,0)),1,0)) -> 0 | S254: =IF(COUNTIFS($B$1:$B$738,B253,$C$1:$C$738,#REF!)>2,1,0) -> 0 | T254: =IF(P253>0.4,1,0) -> 0 | U254: =IF(OR(F253="Gambling",F253="ATM Withdrawal"),1,0) -> 0 | V254: =IF(OR(I254="Card Not Present (Phone)",I254="Online"),1,0) -> 1 | W254: =SUM(Q254:V254) -> 1 | X254: {=_xlfn.IFS(W254<=1,"Low",W254=2,"Medium",W254>=3,"High")} -> Low
A255: TXN500254 | B255: CC-10020 | C255: 45931 | D255: 19:33 | E255: Spotify | F255: Subscription Services | G255: Cape Town | H255: 348.82 | I255: Card Not Present (Phone) | J255: Approved | L255: =PROPER(TRIM(SUBSTITUTE(_xlfn.XLOOKUP(B255,Cardholders_Reference!A:A,Cardholders_Reference!B:B),","," "))) -> Andries Mahlangu | M255: =_xlfn.XLOOKUP(B255,Cardholders_Reference!A:A,Cardholders_Reference!G:G) -> 40000 | N255: =_xlfn.XLOOKUP(B255,Cardholders_Reference!A:A,Cardholders_Reference!D:D) -> Nedbank | O255: =_xlfn.XLOOKUP(B255,Cardholders_Reference!A:A,Cardholders_Reference!E:E) -> Visa | P255: =H255/M255 -> 0.0087205 | Q255: =IF(COUNTIFS($B$1:$B$738,B254,$G$1:$G$738,G254)/COUNTIF($B$1:$B$738,B254)<0.5,1,0) -> 0 | R255: =IF(D255="Unknown",1,IF(OR(TIMEVALUE(D255)<TIME(5,0,0),TIMEVALUE(D255)>=TIME(23,0,0)),1,0)) -> 0 | S255: =IF(COUNTIFS($B$1:$B$738,B254,$C$1:$C$738,#REF!)>2,1,0) -> 0 | T255: =IF(P254>0.4,1,0) -> 0 | U255: =IF(OR(F254="Gambling",F254="ATM Withdrawal"),1,0) -> 0 | V255: =IF(OR(I255="Card Not Present (Phone)",I255="Online"),1,0) -> 1 | W255: =SUM(Q255:V255) -> 1 | X255: {=_xlfn.IFS(W255<=1,"Low",W255=2,"Medium",W255>=3,"High")} -> Low
A256: TXN500255 | B256: CC-10020 | C256: 45827 | D256: 22:30 | E256: ABSA ATM | F256: ATM Withdrawal | G256: Cape Town | H256: 973.36 | I256: Card Present | J256: Declined | L256: =PROPER(TRIM(SUBSTITUTE(_xlfn.XLOOKUP(B256,Cardholders_Reference!A:A,Cardholders_Reference!B:B),","," "))) -> Andries Mahlangu | M256: =_xlfn.XLOOKUP(B256,Cardholders_Reference!A:A,Cardholders_Reference!G:G) -> 40000 | N256: =_xlfn.XLOOKUP(B256,Cardholders_Reference!A:A,Cardholders_Reference!D:D) -> Nedbank | O256: =_xlfn.XLOOKUP(B256,Cardholders_Reference!A:A,Cardholders_Reference!E:E) -> Visa | P256: =H256/M256 -> 0.024334 | Q256: =IF(COUNTIFS($B$1:$B$738,B255,$G$1:$G$738,G255)/COUNTIF($B$1:$B$738,B255)<0.5,1,0) -> 0 | R256: =IF(D256="Unknown",1,IF(OR(TIMEVALUE(D256)<TIME(5,0,0),TIMEVALUE(D256)>=TIME(23,0,0)),1,0)) -> 0 | S256: =IF(COUNTIFS($B$1:$B$738,B255,$C$1:$C$738,#REF!)>2,1,0) -> 0 | T256: =IF(P255>0.4,1,0) -> 0 | U256: =IF(OR(F255="Gambling",F255="ATM Withdrawal"),1,0) -> 0 | V256: =IF(OR(I256="Card Not Present (Phone)",I256="Online"),1,0) -> 0 | W256: =SUM(Q256:V256) -> 0 | X256: {=_xlfn.IFS(W256<=1,"Low",W256=2,"Medium",W256>=3,"High")} -> Low
...

Sheet Cardholders_Reference
A1: Cardholder Reference - Account Master Extract
A2: Source: Core Banking System Export | For internal fraud review use only
A4: Card_ID | B4: Cardholder Name | C4: City | D4: Bank | E4: Card_Network | F4: Account_Open_Date | G4: Credit_Limit
A5: CC-10000 | B5: Carlos Maseko | C5: Gqeberha | D5: Capitec | E5: Mastercard | F5: 45206 | G5: 25000
A6: CC-10001 | B6: Fatima Adams | C6: Gqeberha | D6: Standard Bank | E6: Visa | F6: 44686 | G6: 20000
A7: CC-10002 | B7: Mahlangu Lerato | C7: Pretoria | D7: Capitec | E7: Visa | F7: 45318 | G7: 100000
A8: CC-10003 | B8: Lerato Dlamini | C8: Cape Town | D8: Nedbank | E8: Visa | F8: 44727 | G8: 30000
A9: CC-10004 | B9: Rachel Sithole | C9: Johannesburg | D9: FNB | E9: Mastercard | F9: 43664 | G9: 20000
A10: CC-10005 | B10: Sanele Fourie | C10: Cape Town | D10: Nedbank | E10: Mastercard | F10: 42054 | G10: 20000
A11: CC-10006 | B11: Rachel Pretorius | C11: Johannesburg | D11: FNB | E11: Visa | F11: 43192 | G11: 80000
A12: CC-10007 | B12: Bongani Pretorius | C12: Johannesburg | D12: Nedbank | E12: Visa | F12: 43619 | G12: 40000
A13: CC-10008 | B13: Fourie Lindiwe | C13: Johannesburg | D13: Standard Bank | E13: Visa | F13: 42371 | G13: 80000
A14: CC-10009 | B14: Aisha Adams | C14: Gqeberha | D14: Standard Bank | E14: Mastercard | F14: 45630 | G14: 25000
A15: CC-10010 | B15: Bongani Nkosi | C15: Pretoria | D15: Capitec | E15: Visa | F15: 42830 | G15: 40000
A16: CC-10011 | B16: Thabo Dlamini | C16: Cape Town | D16: Capitec | E16: Visa | F16: 42070 | G16: 80000
... A66: CC-10002 | B66: Mahlangu Lerato | C66: Pretoria | D66: Capitec | E66: Visa | F66: 45318 | G66: 100000

Sheet Issues log
A1: Table | B1: Column | C1: Issue | D1: Rows | E1: Solvable | F1: Resolution
A2: Transactions_Cleaned | B2: Date | C2: Mixed date formats in Date column (dd/mm/yyyy strings + Excel datetime objects) | D2: 362 | E2: Yes | F2: Rebuilt dates manually using DATE/VALUE, standardized to single format
A3: Transactions_Cleaned | B3: Time | C3: Column consisted of blank rows | D3: 43 | E3: No | F3: timestamp for some transactionsFilled blanks with "Unknown" placeholder to preserve row count and flag for downstream logic
A4: Transactions_Cleaned | B4: City | C4: Several city names were captured in abbreviated form (e.g., “PE”, “PTA”, “JHB”, “CPT”, “Bloem”) instead of full names | D4: 278 | E4: Yes | F4: Applied the IF formula. This ensures all city names are consistently formatted in proper case.
A5: Transactions_Cleaned | B5: Amount | C5: Currency values stored as text with "R" and "ZAR" symbol and commas | D5: 90 | E5: Yes | F5: Applied the IF formula to fix the incosistent formatting
A6: Cardholders_Reference | B6: City | C6: Several city names were captured in abbreviated form (e.g., “PE”, “PTA”, “JHB”, “CPT”, “Bloem”) instead of full names | D6: 23 | E6: Yes | F6: Applied the IF formula. This ensures all city names are consistently formatted in proper case.
A7: Cardholders_Reference | B7: Date | C7: Mixed date formats in Date column (dd/mm/yyyy strings + Excel datetime objects) | D7: 31 | E7: Yes | F7: Rebuilt dates manually using DATE/VALUE, standardized to single format
A8: Cardholders_Reference | B8: Amount | C8: Currency values stored as text with "R" symbol and commas | D8: 5 | E8: Yes | F8: Applied the IF formula to fix the incosistent formatting
